"Quest","Map","X","Y","Decision","NpcId","Reason"
"8306","81","53.21","32.48","KEEP","","Reviewed 2026-10-07: the <Remote> tag in the name is deliberate, so the pin keeps its name and has no ID."
"10176","109","31.31","66.17","KEEP","","Reviewed 2026-10-08: Image of Archmage Vargoth has no spawn on this map (an image, a summon or an item starts the quest), so the pin stays without an NPC."
"10188","109","31.31","66.17","KEEP","","Reviewed 2026-10-08: Image of Archmage Vargoth has no spawn on this map (an image, a summon or an item starts the quest), so the pin stays without an NPC."
"11652","114","32.18","54.14","MOVE","25329","Reviewed 2026-10-08: Wowhead: starts at Annihilator Grek'lor; the quest's start point is on the pin, 0.1 points from it, where the pin took the name of Gorge the Corpsegrinder, whose quest 11642 is there too."
"27155","22","42.48","15.44","KEEP","","Reviewed 2026-10-07: the <Remote> tag in the name is deliberate, so the pin keeps its name and has no ID."
"27343","84","52.8","44.9","KEEP","","Reviewed 2026-10-07: Ezul'aan starts the quest 37 points from the pin, farther than the 1.5 points of the same spot, so Lord Grayson Shadowbreaker stays."
"27397","85","39","47.4","KEEP","","Reviewed 2026-10-07: Hretar Riverspeaker starts the quest 34.7 points from the pin, farther than the 1.5 points of the same spot, so Kardris Dreamseeker stays."
"27454","23","57.8","73.8","KEEP","","Reviewed 2026-10-07: Betina Bigglezink stands 19.8 points from the pin, beyond the 3 points a pin without an NPC needs, so the pin stays without one."
"27482","23","66.8","9.8","KEEP","","Reviewed 2026-10-07: Vex'tul stands 17.8 points from the pin, beyond the 3 points a pin without an NPC needs, so the pin stays without one."
"27790","292","63.2","38.8","KEEP","","Reviewed 2026-10-07: the <Remote> tag in the name is deliberate, so the pin keeps its name and has no ID."
"27850","292","63.4","39.2","KEEP","","Reviewed 2026-10-07: the junk name CHANGE_TO_NIL is removed by hand; Kagtha starts the quest 11.1 points away, so the pin stays without an NPC."
"28405","84","52.8","44.9","KEEP","","Reviewed 2026-10-08: the client gives the quest no start point, only the turn-in (Lord Grayson Shadowbreaker in TrinityCore), 37 points from Ezul'aan, who starts it; the pin stays at the turn-in."
"29089","10","57.3","18.8","KEEP","","Reviewed 2026-10-07: Nozzlepot stands 5.6 points from the pin, beyond the 3 points a pin without an NPC needs, so the pin stays without one."
"34739","578","80.57","48.54","KEEP","","Reviewed 2026-10-08: Thrall stands 3.9 points from the pin, beyond the 3 points a pin without an NPC needs, so the pin stays without one."
"38613","634","43.73","68.34","MOVE","92567","Reviewed 2026-10-07: the client has no giver for it, but its start point is the same as quest 38614's, which the client gives to Dread-Rider Cullen, 0.5 points from the pin."
"39597","634","43.18","49.17","KEEP","","Reviewed 2026-10-07: Yotnar starts the quest 5.4 points from the pin, farther than the 1.5 points of the same spot, so Havi stays."
"39800","84","18.53","45.34","KEEP","","Reviewed 2026-10-08: Genn Greymane has no spawn on this map, so nothing places the quest elsewhere and Sky Admiral Rogers stays."
"59071","1701","44.98","38.35","MOVE","161509","Reviewed 2026-10-07: the client names Lady Moonberry as its only giver, 1.5 points from the pin, as far as the same-spot distance reaches; Ysera is not a giver of it."
"59866","1543","55.67","75.29","KEEP","","Reviewed 2026-10-08: Spirit of Vol'jin stands 13.9 points from the pin, beyond the 3 points a pin without an NPC needs, so the pin stays without one."
