Action,Map,MapName,X,Y,Name,Id,GameNameForId,Quests,Wowhead,NewName,NewId,Note
NAME,320,Ahn'Qiraj,58.8,68.4,Andorgos <Brood of Malygos>,15502,Andorgos,8544 Conqueror's Spaulders; 8561 Conqueror's Crown; 8592 Tiara of the Oracle; 8594 Mantle of the Oracle; 8602 Stormcaller's Pauldrons; 8623 Stormcaller's Diadem; 8628 Avenger's Crown; 8630 Avenger's Pauldrons; 8625 Enigma Shoulderpads; 8632 Enigma Circlet; 8639 Deathdealer's Helm; 8641 Deathdealer's Spaulders; 8657 Striker's Diadem; 8659 Striker's Pauldrons; 8662 Doomcaller's Circlet; 8664 Doomcaller's Mantle; 8667 Genesis Helm; 8669 Genesis Shoulderpads,https://www.wowhead.com/quest=8544,Andorgos,,One name contains the other
NAME,320,Ahn'Qiraj,59.4,68.4,Kandrostrasz <Brood of Alexstrasza>,15503,Kandrostrasz,8559 Conqueror's Greaves; 8560 Conqueror's Legguards; 8593 Trousers of the Oracle; 8596 Footwraps of the Oracle; 8621 Stormcaller's Footguards; 8624 Stormcaller's Leggings; 8655 Avenger's Greaves; 8629 Avenger's Legguards; 8631 Enigma Leggings; 8634 Enigma Boots; 8637 Deathdealer's Boots; 8640 Deathdealer's Leggings; 8626 Striker's Footguards; 8658 Striker's Leggings; 8660 Doomcaller's Footwraps; 8663 Doomcaller's Trousers; 8665 Genesis Boots; 8668 Genesis Trousers,https://www.wowhead.com/quest=8559,Kandrostrasz,,One name contains the other
NAME,320,Ahn'Qiraj,60.0,68.4,Vethsera <Brood of Ysera>,15504,Vethsera,8562 Conqueror's Breastplate; 8603 Vestments of the Oracle; 8622 Stormcaller's Hauberk; 8627 Avenger's Breastplate; 8633 Enigma Robes; 8638 Deathdealer's Vest; 8656 Striker's Hauberk; 8661 Doomcaller's Robes; 8666 Genesis Vest,https://www.wowhead.com/quest=8562,Vethsera,,One name contains the other
NAME,2255,Azj-Kahet,55.6,43.4,Azj,238339,Azj-Kahet Flame Guardian,87356 Honor the Flame,https://www.wowhead.com/quest=87356,Azj-Kahet Flame Guardian,,One name contains the other
NAME,628,Dalaran,76.2,83.4,Fizzi Liverzapper ,110642,Fizzi Liverzapper,43473 Experimental Potion: Test Subjects Needed; 43474 Experimental Potion: Test Subjects Needed; 43475 Experimental Potion: Test Subjects Needed; 43476 Experimental Potion: Test Subjects Needed; 43477 Experimental Potion: Test Subjects Needed; 43478 Experimental Potion: Test Subjects Needed,https://www.wowhead.com/quest=43473,Fizzi Liverzapper,,Formatting only
NAME,37,Elwynn Forest,43.14,85.73,&quot;Auntie&quot; Bernice Stonefield,246,"""Auntie"" Bernice Stonefield",84 Back to Billy; 85 Lost Necklace,https://www.wowhead.com/quest=84,"""Auntie"" Bernice Stonefield",,Formatting only
NAME,37,Elwynn Forest,42.11,65.95,Remy &quot;Two Times&quot;,241,"Remy ""Two Times""",40 A Fishy Peril; 47 Gold Dust Exchange,https://www.wowhead.com/quest=40,"Remy ""Two Times""",,Formatting only
NAME,2395,Eversong Woods,42.4,46.66,Knight,240835,Knight-Lord Sunguard,91975 That's Our Wood; 91971 Hitting the Hammer; 91973 Naga Blades; 91976 Lightbloom Dimmed; 91977 Less Lawless; 91978 Taxing the Tideborne; 91972 Hold the Watch; 91979 Chop It Down; 90574 Fortify the Runestones: Blood Knights; 91974 Sunfire to the Blade,https://www.wowhead.com/quest=91975,Knight-Lord Sunguard,,One name contains the other
NAME,2395,Eversong Woods,43.02,46.77,Ranger,240836,Ranger-Captain Dawnfletch,91987 Potted Lashers; 91984 Sungrub Silk; 91983 Lovely Plumage; 91986 Put a Little Snap in Their Step; 91985 Windrunner Memorabilia; 91989 Ghostland Peppers; 91990 Sunset to Sea; 91991 A Little Errand; 91988 Brightwing Conservation; 90575 Fortify the Runestones: Farstriders,https://www.wowhead.com/quest=91987,Ranger-Captain Dawnfletch,,One name contains the other
NAME,179,Gilneas,63.34,82.92,Belrysa Starbreeze,37822,Belysra Starbreeze,24616 Losing Your Tail,https://www.wowhead.com/quest=24616,Belysra Starbreeze,,Our spelling was wrong
NAME,179,Gilneas,68.71,73.25,Belrysa Starbreeze,37822,Belysra Starbreeze,"24617 Tal'doren, the Wild Home",https://www.wowhead.com/quest=24617,Belysra Starbreeze,,Our spelling was wrong
NAME,543,Gorgrond,52.57,9.85,King Varian Wrynn ,92219,King Varian Wrynn,38257 We Need a Shipwright,https://www.wowhead.com/quest=38257,King Varian Wrynn,,Formatting only
NAME,2215,Hallowfall,61.18,30.5,Miral Murder,215041,Miral Murder-Mittens,79110 Save Tomothy,https://www.wowhead.com/quest=79110,Miral Murder-Mittens,,One name contains the other
NAME,650,Highmountain,56.83,92.02,Baine Bloodhoof ,126134,Baine Bloodhoof,41882 Grey Idols,https://www.wowhead.com/quest=41882,Baine Bloodhoof,,Formatting only
NAME,2248,Isle of Dorn,52.6,51.4,Wodin the Troll,234297,Wodin the Troll-Servant,90701 Cowardly Cheery Bombs,https://www.wowhead.com/quest=90701,Wodin the Troll-Servant,,One name contains the other
NAME,2371,K'aresh,47.07,54.52,Locus,234106,Locus-Walker,84857 Eco-Dome: Primus,https://www.wowhead.com/quest=84857,Locus-Walker,,One name contains the other
NAME,2371,K'aresh,48.17,36.66,Locus,234106,Locus-Walker,86495 The Reshii Ribbon,https://www.wowhead.com/quest=86495,Locus-Walker,,One name contains the other
NAME,2371,K'aresh,48.19,36.55,Locus,230806,Locus-Walker,84855 Dead Silence,https://www.wowhead.com/quest=84855,Locus-Walker,,One name contains the other
NAME,2371,K'aresh,48.23,36.66,Locus,230700,Locus-Walker,85961 Moving the Pawns,https://www.wowhead.com/quest=85961,Locus-Walker,,One name contains the other
NAME,2371,K'aresh,48.23,19.43,Locus,231487,Locus-Walker,84902 Adverse Instantiation,https://www.wowhead.com/quest=84902,Locus-Walker,,One name contains the other
NAME,2371,K'aresh,48.25,19.14,Locus,231492,Locus-Walker,84905 To Walk Among Shadow,https://www.wowhead.com/quest=84905,Locus-Walker,,One name contains the other
NAME,2371,K'aresh,63.06,69.93,Locus,231128,Locus-Walker,85032 What Is Left of Home,https://www.wowhead.com/quest=85032,Locus-Walker,,One name contains the other
NAME,2371,K'aresh,63.92,83.95,Locus,234620,Locus-Walker,84967 The Shadowguard Shattered,https://www.wowhead.com/quest=84967,Locus-Walker,,One name contains the other
NAME,2371,K'aresh,67.43,81.5,Locus,234596,Locus-Walker,84961 Barriers to Entry,https://www.wowhead.com/quest=84961,Locus-Walker,,One name contains the other
NAME,2371,K'aresh,67.5,81.59,Locus,233706,Locus-Walker,84960 The Darkness Among Us,https://www.wowhead.com/quest=84960,Locus-Walker,,One name contains the other
NAME,2371,K'aresh,68.72,85.93,Locus,233603,Locus-Walker,84957 Return to the Veiled Market,https://www.wowhead.com/quest=84957,Locus-Walker,,One name contains the other
NAME,2371,K'aresh,70.94,58.11,Locus,230288,Locus-Walker,84827 The Shattered Dome,https://www.wowhead.com/quest=84827,Locus-Walker,,One name contains the other
NAME,2371,K'aresh,70.94,58.11,Locus,230811,Locus-Walker,84826 Eco-Dome: Rhovan,https://www.wowhead.com/quest=84826,Locus-Walker,,One name contains the other
NAME,2371,K'aresh,48.2,19.52,Soul,231486,Soul-Scribe,84904 And We Will Answer,https://www.wowhead.com/quest=84904,Soul-Scribe,,One name contains the other
NAME,2371,K'aresh,55.22,30.29,Soul,231443,Soul-Scribe,84898 The Sands of K'aresh,https://www.wowhead.com/quest=84898,Soul-Scribe,,One name contains the other
NAME,2371,K'aresh,60.24,29.15,Soul,230786,Soul-Scribe,84896 The Next Dimension,https://www.wowhead.com/quest=84896,Soul-Scribe,,One name contains the other
NAME,2371,K'aresh,60.69,28.01,Soul,230818,Soul-Scribe,84897 The Calm Before We Storm,https://www.wowhead.com/quest=84897,Soul-Scribe,,One name contains the other
NAME,2371,K'aresh,74.45,30.37,Soul,230739,Soul-Scribe,84910 The Tabiqa,https://www.wowhead.com/quest=84910,Soul-Scribe,,One name contains the other
NAME,2371,K'aresh,75.83,34.28,Soul,230739,Soul-Scribe,84883 K'aresh That Was,https://www.wowhead.com/quest=84883,Soul-Scribe,,One name contains the other
NAME,582,Lunarfall,31.59,32.8,King Varian Wrynn ,92219,King Varian Wrynn,36095 Azuka Bladefury; 36160 Garrison Campaign: Every Rose Has Its Thorn; 38253 Garrison Campaign: War Council; 38258 Nothing Remains,https://www.wowhead.com/quest=36095,King Varian Wrynn,,Formatting only
NAME,272,Mana-Tombs,33.0,19.0,Mamdy the Ologist,54694,"Mamdy the ""Ologist""",29573 Safety is Job One; 29575 Undercutting the Competition,https://www.wowhead.com/quest=29573,"Mamdy the ""Ologist""",,Formatting only
NAME,198,Mount Hyjal,19.5,37.8,Arch Druid Hamuul Runetotem,52838,Archdruid Hamuul Runetotem,25843 Tortolla's Revenge; 29195 A Ritual of Flame,https://www.wowhead.com/quest=25843,Archdruid Hamuul Runetotem,,Formatting only
NAME,198,Mount Hyjal,24.73,55.52,Arch Druid Hamuul Runetotem,39858,Archdruid Hamuul Runetotem,25510 Tortolla Speaks,https://www.wowhead.com/quest=25510,Archdruid Hamuul Runetotem,,Formatting only
NAME,198,Mount Hyjal,27.2,62.26,Arch Druid Hamuul Runetotem,39858,Archdruid Hamuul Runetotem,25493 Fresh Bait; 25507 Hell's Shells; 25491 Durable Seeds; 29198 The Sanctuary Must Not Fall; 29199 Calling for Reinforcements; 29200 Leyara,https://www.wowhead.com/quest=25493,Archdruid Hamuul Runetotem,,Formatting only
NAME,85,Orgrimmar,37.75,81.21,Baine Bloodhoof ,126134,Baine Bloodhoof,48433 Together We Are the Horde!,https://www.wowhead.com/quest=48433,Baine Bloodhoof,,Formatting only
NAME,539,Shadowmoon Valley,27.52,11.27,King Varian Wrynn ,92219,King Varian Wrynn,38259 All Hands on Deck,https://www.wowhead.com/quest=38259,King Varian Wrynn,,Formatting only
NAME,104,Shadowmoon Valley,65.2,85.6,Murg Oldie Muckjaw,23340,"Murg ""Oldie"" Muckjaw",11064 Dragonmaw Race: The Ballad of Oldie McOld,https://www.wowhead.com/quest=11064,"Murg ""Oldie"" Muckjaw",,Formatting only
NAME,111,Shattrath City,54.8,44.3,Khadgar,18166,Archmage Khadgar,10211 City of Light; 10551 Allegiance to the Aldor; 10552 Allegiance to the Scryers; 10554 Ishanah; 10883 The Tempest Key; 10553 Voren'thal the Seer,https://www.wowhead.com/quest=10211,Archmage Khadgar,,One name contains the other
NAME,2444,Slayer's Rise,35.07,88.55,"Tul'amar, Twice",241620,"Tul'amar, Twice-Exiled",90872 Drenched In It; 90873 These Violent Delights; 90874 Their Violent Ends,https://www.wowhead.com/quest=90872,"Tul'amar, Twice-Exiled",,One name contains the other
NAME,318,Stratholme,67.8,72.6,Crusade Commander Eligor,45329,Crusade Commander Eligor Dawnbringer,27227 Lord Aurius Rivendare,https://www.wowhead.com/quest=27227,Crusade Commander Eligor Dawnbringer,,One name contains the other
NAME,2472,Tazavesh,33.95,10.82,Locus,231128,Locus-Walker,93979 Lingering Memories,https://www.wowhead.com/quest=93979,Locus-Walker,,One name contains the other
NAME,1543,The Maw,35.70,45.50,Subject 638),173811,Subject 638,63163 Tormentor's Notes,https://www.wowhead.com/quest=63163,Subject 638,,Formatting only
NAME,2214,The Ringing Deeps,60.46,79.77,Renzik &quot;The Shiv&quot;,224913,"Renzik ""The Shiv""",82700 Built to Blast,https://www.wowhead.com/quest=82700,"Renzik ""The Shiv""",,Formatting only
NAME,2214,The Ringing Deeps,63,78.4,Renzik &quot;The Shiv&quot;,225571,"Renzik ""The Shiv""",83137 When Opportunity Explodes,https://www.wowhead.com/quest=83137,"Renzik ""The Shiv""",,Formatting only
NAME,2214,The Ringing Deeps,70.48,88.63,Renzik &quot;The Shiv&quot;,225599,"Renzik ""The Shiv""",83149 Avenge Them; 85410 Undermine's Long Shadow,https://www.wowhead.com/quest=83149,"Renzik ""The Shiv""",,Formatting only
NAME,2214,The Ringing Deeps,43.15,42.39,ZZ,216137,ZZ-01-47,79027 Elemental Trepidation,https://www.wowhead.com/quest=79027,ZZ-01-47,,One name contains the other
NAME,2214,The Ringing Deeps,55.6,41,ZZ,216140,ZZ-01-47,79028 We Require More Minerals,https://www.wowhead.com/quest=79028,ZZ-01-47,,One name contains the other
NAME,2346,Undermine,39.75,68.01,&quot;Gabby&quot; Gabi,228860,"""Gabby"" Gabi",84379 Tenant Trouble,https://www.wowhead.com/quest=84379,"""Gabby"" Gabi",,Formatting only
NAME,2346,Undermine,24.11,51.21,Renzik &quot;The Shiv&quot;,225599,"Renzik ""The Shiv""",83151 Down Undermine,https://www.wowhead.com/quest=83151,"Renzik ""The Shiv""",,Formatting only
NAME,2346,Undermine,42.33,51.43,Renzik &quot;The Shiv&quot;,229243,"Renzik ""The Shiv""",83176 Just a Hunch,https://www.wowhead.com/quest=83176,"Renzik ""The Shiv""",,Formatting only
NAME,2346,Undermine,61.77,71.88,Renzik &quot;The Shiv&quot;,229243,"Renzik ""The Shiv""",83173 Clearing Out the Depot,https://www.wowhead.com/quest=83173,"Renzik ""The Shiv""",,Formatting only
NAME,2346,Undermine,61.77,71.88,Renzik &quot;The Shiv&quot;,229242,"Renzik ""The Shiv""",83172 Black Blood Baton Pass,https://www.wowhead.com/quest=83172,"Renzik ""The Shiv""",,Formatting only
NAME,2405,Voidstorm,40.24,49.15,"Tul'amar, Twice",241620,"Tul'amar, Twice-Exiled",90866 Universal Language; 90875 Across Worlds,https://www.wowhead.com/quest=90866,"Tul'amar, Twice-Exiled",,One name contains the other
NAME,52,Westfall,41.4,71.2,Marcus Bagman Brown,119390,"Marcus ""Bagman"" Brown",46292 Pet Battle Challenge: Deadmines,https://www.wowhead.com/quest=46292,"Marcus ""Bagman"" Brown",,Formatting only
NAME,2437,Zul'Aman,52.89,60.22,Assistant Grgl,250197,Assistant Grgl-Grgl,92167 There Can Be Only One,https://www.wowhead.com/quest=92167,Assistant Grgl-Grgl,,One name contains the other
NAME,2437,Zul'Aman,52.89,60.22,King Mrgl,250196,King Mrgl-Mrgl,"92164 Murloc Madness; 92165 Fish Are Food, Not Friends; 92166 Following Suit",https://www.wowhead.com/quest=92164,King Mrgl-Mrgl,,One name contains the other
NAME,862,Zuldazar,22.11,57.68,Renzik &quot;The Shiv&quot;,227937,"Renzik ""The Shiv""",84121 A Little Insurance,https://www.wowhead.com/quest=84121,"Renzik ""The Shiv""",,Formatting only
NAME,862,Zuldazar,22.23,57.73,Renzik &quot;The Shiv&quot;,228132,"Renzik ""The Shiv""",83121 Asset Management,https://www.wowhead.com/quest=83121,"Renzik ""The Shiv""",,Formatting only
ID,487,A Little Patience,41.89,15.4,Admiral Taylor,2404,Blacksmith Verringtan,32248 A Little Patience,https://www.wowhead.com/quest=32248,,,A different creature
ID,885,Antoran Wastes,68.77,26.09,High Exarch Turalyon,109254,Sana Bloodletter,48202 Reinforce the Veiled Den,https://www.wowhead.com/quest=48202,,,A different creature
ID,885,Antoran Wastes,72.39,74.84,High Exarch Turalyon,109254,Sana Bloodletter,48201 Reinforce Light's Purchase,https://www.wowhead.com/quest=48201,,,A different creature
ID,885,Antoran Wastes,72.89,50.27,High Exarch Turalyon,109254,Sana Bloodletter,48200 Securing a Foothold,https://www.wowhead.com/quest=48200,,,A different creature
ID,2255,Azj-Kahet,60.09,66.18,Familiar,443995,,79711 That's Pretty Gross,https://www.wowhead.com/quest=79711,,,"An object or item, not a creature: leave NewId blank"
ID,97,Azuremyst Isle,49.0,51.2,Spring Gatherer,32799,Spring Collector,13480 The Great Egg Hunt,https://www.wowhead.com/quest=13480,,,Noblegarden has a Spring Gatherer and a Spring Collector
ID,15,Badlands,20.58,56.11,Victoria Dolen,46759,Lidia Sunglow,"27827 The Swift, the Fierce, and the Stout; 27828 Eric, the Utility Dwarf; 27834 Baelog, the Glass Cannon; 27835 Olaf, the Big Fella'; 27877 The Morons' League; 27825 Survival of the Fattest",https://www.wowhead.com/quest=27827,,,A different creature
ID,283,Blackrock Caverns,33.1,66.0,Finkle Einhorn,49476,Pip Quickwit,28735 To the Chamber of Incineration!,https://www.wowhead.com/quest=28735,,,A different creature
ID,106,Bloodmyst Isle,56.43,56.81,Jessera of Mac'Aree,17663,Maatparm,9648 Maatparm Mushroom Menagerie; 9649 Ysera's Tears,https://www.wowhead.com/quest=9648,,,A different creature
ID,114,Borean Tundra,54.6,35.9,Elder Atkanok,187565,Hyena Mongrel,11605 The Honored Ancestors; 11607 The Lost Spirits; 11609 Picking Up the Pieces; 11610 Leading the Ancestors Home,https://www.wowhead.com/quest=11605,,,A different creature
ID,114,Borean Tundra,42,54.2,Orn Tenderhoof,13090,,13090 Northern Cooking,https://www.wowhead.com/quest=13090,,,The game has no creature with this ID
ID,501,Dalaran,26.81,38.98,Admiral Taylor,2404,Blacksmith Verringtan,32331 The Kirin Tor,https://www.wowhead.com/quest=32331,,,A different creature
ID,62,Darkshore,57.4,33.8,Disgusting Workbench,63642,,13831 A Troubling Prescription,https://www.wowhead.com/quest=13831,,,"An object or item, not a creature: leave NewId blank"
ID,500,Deeprun Tram,70,47.33,Admiral Taylor,2404,Blacksmith Verringtan,32380 The Best Around,https://www.wowhead.com/quest=32380,,,A different creature
ID,500,Deeprun Tram,24.05,82.2,Barkeep Townsley,2990,Bael'dun Appraiser,"32426 Stirred, Not Shaken",https://www.wowhead.com/quest=32426,,,A different creature
ID,500,Deeprun Tram,70,47.33,Barkeep Townsley,2990,Bael'dun Appraiser,32381 To Catch A Spy,https://www.wowhead.com/quest=32381,,,A different creature
ID,235,Dire Maul,26.5,57.8,Broken Trap,48413,Blackrock Necromancer,27118 A Broken Trap,https://www.wowhead.com/quest=27118,,,A different creature
ID,2339,Dornogal,53.94,19.86,Wanted: The Boroughbreaker,454463,,83335 Wanted: The Boroughbreaker,https://www.wowhead.com/quest=83335,,,"An object or item, not a creature: leave NewId blank"
ID,422,Dread Wastes,44.4,16.8,Chen Stormstout,1602,Paladin 1,31078 Han Stormstout,https://www.wowhead.com/quest=31078,,,A different creature
ID,422,Dread Wastes,50.1,10.13,Chen Stormstout,1602,Paladin 1,31077 Evie Stormstout,https://www.wowhead.com/quest=31077,,,A different creature
ID,422,Dread Wastes,60.04,59.26,Korven the Prime,62232,Klaxxi Warrior,31022 Kypari Zar; 31026 The Root of the Problem,https://www.wowhead.com/quest=31022,,,A different creature
ID,422,Dread Wastes,67.16,62.11,Korven the Prime,62232,Klaxxi Warrior,31021 Living Amber; 31020 Feeding the Beast,https://www.wowhead.com/quest=31021,,,A different creature
ID,27,Dun Morogh,54.0,50.8,Spring Gatherer,32799,Spring Collector,13480 The Great Egg Hunt,https://www.wowhead.com/quest=13480,,,Noblegarden has a Spring Gatherer and a Spring Collector
ID,47,Duskwood,19.86,44.63,Lindsay,115,Harvest Reaper,31726 Eric Davidson,https://www.wowhead.com/quest=31726,,,A different creature
ID,70,Dustwallow Marsh,63.75,17.05,Renn McGill,27236,Stable Master Mercer,27237 Recover the Cargo!; 27236 Secondhand Diving Gear,https://www.wowhead.com/quest=27237,,,A different creature
ID,70,Dustwallow Marsh,66.27,49.05,Renn McGill,27236,Stable Master Mercer,27238 Jaina Must Know,https://www.wowhead.com/quest=27238,,,A different creature
ID,37,Elwynn Forest,42.8,65.4,Spring Gatherer,32799,Spring Collector,13480 The Great Egg Hunt,https://www.wowhead.com/quest=13480,,,Noblegarden has a Spring Gatherer and a Spring Collector
ID,1409,Exile's Reach,40.14,32.4,Captain Garrick,156961,Lady Jaina Proudmoore,55990 Controlling their Stones; 55991 An End to Beginnings,https://www.wowhead.com/quest=55990,,,A different creature
ID,1409,Exile's Reach,48.89,49.52,Captain Garrick,156807,Lady Jaina Proudmoore,56344 To Darkmaul Citadel,https://www.wowhead.com/quest=56344,,,A different creature
ID,1409,Exile's Reach,52.21,55.33,Captain Garrick,156807,Lady Jaina Proudmoore,55194 Stocking Up on Supplies,https://www.wowhead.com/quest=55194,,,A different creature
ID,1409,Exile's Reach,52.5,53.47,Captain Garrick,156280,Lady Jaina Proudmoore,55879 Ride of the Scientifically Enhanced Boar,https://www.wowhead.com/quest=55879,,,A different creature
ID,1409,Exile's Reach,58.27,74.77,Captain Garrick,156626,Lady Jaina Proudmoore,54952 Finding the Lost Expedition,https://www.wowhead.com/quest=54952,,,A different creature
ID,1409,Exile's Reach,61.88,82.88,Captain Garrick,156626,Lady Jaina Proudmoore,54951 Emergency First Aid; 55122 Murloc Mania,https://www.wowhead.com/quest=54951,,,A different creature
ID,1409,Exile's Reach,40.17,32.31,Herbert Gloomburst,167631,Wrathion,59980 Catapult Destruction,https://www.wowhead.com/quest=59980,,,A different creature
ID,1409,Exile's Reach,40.17,32.22,Meredy Huntswell,156960,Wrathion,55989 Catapult Destruction,https://www.wowhead.com/quest=55989,,,A different creature
ID,1409,Exile's Reach,40.17,32.09,Shuja Grimaxe,167632,Breka Grimaxe,59979 Like Ogres to the Slaughter,https://www.wowhead.com/quest=59979,,,Shuja and Breka Grimaxe are different NPCs
ID,1409,Exile's Reach,40.26,32.49,Warlord Breka Grimaxe,167596,Thrall,59978 Right Beneath Their Eyes,https://www.wowhead.com/quest=59978,,,A different creature
ID,1409,Exile's Reach,48.89,49.52,Warlord Breka Grimaxe,167212,Thrall,59975 To Darkmaul Citadel,https://www.wowhead.com/quest=59975,,,A different creature
ID,1409,Exile's Reach,52.09,55.29,Warlord Breka Grimaxe,167212,Thrall,58915 Hjalmar's Final Execution; 58933 The Deadliest of Poisons; 59950 Stocking Up on Supplies; 85678 Repair Yourself,https://www.wowhead.com/quest=58915,,,A different creature
ID,1409,Exile's Reach,58.27,74.77,Warlord Breka Grimaxe,166782,Thrall,59931 Finding the Lost Expedition,https://www.wowhead.com/quest=59931,,,A different creature
ID,1409,Exile's Reach,61.88,82.35,Warlord Breka Grimaxe,166782,Thrall,59929 Murloc Mania; 59930 Emergency First Aid,https://www.wowhead.com/quest=59929,,,A different creature
ID,95,Ghostlands,72.35,29.62,Wanted Poster: Kel'gash the Wicked,50081,Morthis Whisperwing,9215 Bring Me Kel'gash's Head!,https://www.wowhead.com/quest=9215,,,A different creature
ID,227,Gnomeregan,65.7,57.9,The Sparklematic 5200,44013,Dragonmaw Envoy,4604 More Sparklematic Action,https://www.wowhead.com/quest=4604,,,A different creature
ID,227,Gnomeregan,68.6,62.2,The Sparklematic 5200,11415,Amber Provost,2953 More Sparklematic Action,https://www.wowhead.com/quest=2953,,,A different creature
ID,2215,Hallowfall,60.8,27.9,Egg Basket,430581,,80382 Eggs in One Basket,https://www.wowhead.com/quest=80382,,,"An object or item, not a creature: leave NewId blank"
ID,2215,Hallowfall,61.5,17.4,Empty Crab Cage,424347,,80004 Crab Grab,https://www.wowhead.com/quest=80004,,,"An object or item, not a creature: leave NewId blank"
ID,87,Ironforge,77.0,11.8,Historian Karnik,2960,Prairie Wolf Alpha,7063 The Feast of Winter Veil,https://www.wowhead.com/quest=7063,,,A different creature
ID,2248,Isle of Dorn,55.3,55.9,DELVER'S CALL,455716,,83758 Delver's Call: Fungal Folly; 83759 Delver's Call: Kriegval's Rest; 85648 Delver's Call: Earthcrawl Mines,https://www.wowhead.com/quest=83758,,,"An object or item, not a creature: leave NewId blank"
ID,2248,Isle of Dorn,42.1,71.32,Discarded Botanist Notes,428135,,79686 Concerning Fungarians,https://www.wowhead.com/quest=79686,,,"An object or item, not a creature: leave NewId blank"
ID,2248,Isle of Dorn,67,43.9,Dropped Package,423987,,78754 Lost Delivery,https://www.wowhead.com/quest=78754,,,"An object or item, not a creature: leave NewId blank"
ID,507,Isle of Giants,32.9,54.1,Ku'ma,4486,Genavie Callow,32613 Giant Dinosaur Bone; 32614 More Giant Dinosaur Bones; 32615 Many More Giant Dinosaur Bones; 32616 A Large Pile of Giant Dinosaur Bones; 32617 A Mountain of Giant Dinosaur Bones,https://www.wowhead.com/quest=32613,,,A different creature
ID,504,Isle of Thunder,42.2,66.4,Ako,4137,,32544 Pterrible Ptorment; 32541 Preventing a Future Threat,https://www.wowhead.com/quest=32544,,,The game has no creature with this ID
ID,504,Isle of Thunder,42.2,66.3,Archmage Lan'dalock,4981,Ben Trias,32578 Among the Bones; 32576 Competing Magic; 32579 Competing Magic; 32543 Dangers of Za'Tual; 32580 Encroaching Force; 32540 Harbingers of the Loa; 32577 Imposing Threat; 32581 Imposing Threat; 32568 No Time To Rest; 32542 Surgical Strike; 32567 The Beast Pens,https://www.wowhead.com/quest=32578,,,A different creature
ID,504,Isle of Thunder,55.7,74.4,Archmage Modera,2460,Barnum Stonemantle,32578 Among the Bones; 32579 Competing Magic; 32576 Competing Magic; 32537 De-Constructed; 32580 Encroaching Force; 32581 Imposing Threat; 32577 Imposing Threat; 32536 Manipulating the Saurok; 32568 No Time To Rest; 32606 Subtle Encouragement; 32567 The Beast Pens; 32535 The Skumblade Threat,https://www.wowhead.com/quest=32578,,,A different creature
ID,504,Isle of Thunder,62.7,73.6,Captain Elleane Wavecrest,2459,Mortimer Montague,32634 Breaking Down the Defenses; 32639 Deconstruction; 32573 Enemies Beneath the Tower; 32732 Ihgaluk Crag; 32638 Mana Scavengers; 32628 Tactical Mana Bombs; 32572 The Sleepless Legion,https://www.wowhead.com/quest=32634,,,A different creature
ID,504,Isle of Thunder,42.3,66.3,Dalvin Jaacor,4138,Jeen'ra Nightrunner,32539 Dark Offerings; 32538 Heinous Sacrifice,https://www.wowhead.com/quest=32539,,,A different creature
ID,504,Isle of Thunder,40.1,59.3,Danara Silverglass,4132,Krkk'kx,32525 Ashes of the Enemy; 32533 Stone Cold; 32528 Into the Crypts; 32532 Rise No More!,https://www.wowhead.com/quest=32525,,,A different creature
ID,504,Isle of Thunder,55.6,74.5,Image of Archmage Vargoth,4142,[Deprecated for 4.x]Sparkleshell Tortoise,32549 Skin of the Saurok,https://www.wowhead.com/quest=32549,,,A different creature
ID,504,Isle of Thunder,51.41,46.07,Lady Jaina Proudmoore,2456,Newton Burnside,32706 Allies in the Shadows,https://www.wowhead.com/quest=32706,,,A different creature
ID,504,Isle of Thunder,63.24,72.23,Lady Jaina Proudmoore,2456,Newton Burnside,32656 The Fall of Shan Bu; 32652 To the Skies!; 32644 The Assault on Shaol'mara; 32654 Tear Down This Wall!; 32733 Za'Tual; 32567 The Beast Pens; 32581 Imposing Threat,https://www.wowhead.com/quest=32656,,,A different creature
ID,504,Isle of Thunder,32.5,35.59,Lor'themar Theron,2454,Skeletal Fiend (Enraged Form),32279 The Fall of Shan Bu; 32277 To the Skies!; 32212 The Assault on Zeb'tula; 32276 Tear Down This Wall!,https://www.wowhead.com/quest=32277,,,A different creature
ID,504,Isle of Thunder,51.41,46.07,Lor'themar Theron,2454,Skeletal Fiend (Enraged Form),32709 Allies in the Shadows,https://www.wowhead.com/quest=32709,,,A different creature
ID,504,Isle of Thunder,55.9,74.4,Lyalia,4139,[Deprecated for 4.x]Scorpid Terror,32545 The Residents of Ihgaluk,https://www.wowhead.com/quest=32545,,,A different creature
ID,504,Isle of Thunder,61.9,52.1,Miura Brightweaver,2463,,32558 All In the Family; 32588 On Her Magic-ey Secret Service; 32555 Centuries in Sentries,https://www.wowhead.com/quest=32558,,,The game has no creature with this ID
ID,504,Isle of Thunder,40.2,59.6,Narasi Snowdawn,2461,Bailey Stonemantle,32578 Among the Bones; 32576 Competing Magic; 32579 Competing Magic; 32580 Encroaching Force; 32527 Grave Circumstances; 32577 Imposing Threat; 32581 Imposing Threat; 32568 No Time To Rest; 32526 Soul Surrender; 32567 The Beast Pens,https://www.wowhead.com/quest=32578,,,A different creature
ID,504,Isle of Thunder,55.5,74.4,Sanitation Sorcerer Stephen Litmatch,4141,,32546 Just Some Light Clean-Up Work; 32548 Left To Rot; 32547 The Creeping Carpet of Ihgaluk,https://www.wowhead.com/quest=32546,,,The game has no creature with this ID
ID,504,Isle of Thunder,61.9,52.0,Scout Captain Daelin,2462,Flesh Eating Worm,32557 Out of Enemy Hands; 32560 Keep It Secret; 32559 Even Giants Fall,https://www.wowhead.com/quest=32557,,,A different creature
ID,504,Isle of Thunder,28.37,52.42,Scout Captain Elsia,4822,Snapping Crustacean,32680 The Storm Gathers,https://www.wowhead.com/quest=32680,,,A different creature
ID,504,Isle of Thunder,51.4,46.2,Taoshi,4780,Black Ram,32296 Treasures of the Thunder King,https://www.wowhead.com/quest=32296,,,A different creature
ID,504,Isle of Thunder,58.7,42.8,Taoshi,3877,Wailing Guardsman,32608 Raiding the Vault,https://www.wowhead.com/quest=32608,,,A different creature
ID,504,Isle of Thunder,63.24,72.23,Taoshi,4761,,32655 A Bold Idea,https://www.wowhead.com/quest=32655,,,The game has no creature with this ID
ID,504,Isle of Thunder,51.41,46.07,Taran Zhu,4624,Booty Bay Bruiser,32707 Secrets in the Isle of Thunder,https://www.wowhead.com/quest=32707,,,A different creature
ID,504,Isle of Thunder,63.3,72.1,Vereesa Windrunner,2457,John Burnside,32731 The Court of Bones; 32575 The Zandalari Colossus,https://www.wowhead.com/quest=32731,,,A different creature
ID,504,Isle of Thunder,63.5,73.6,Warmage Yurias,2458,Randolph Montague,32571 A Wing to Fly On; 32627 Charged Moganite; 32632 Made for War; 32633 Spellbound,https://www.wowhead.com/quest=32571,,,A different creature
ID,418,Krasarang Wilds,88.87,31.73,Admiral Taylor,2404,Blacksmith Verringtan,32333 The Second Riddle: Fellowship; 32332 The First Riddle: Mercy; 32334 The Third Riddle: Strength; 32336 The Handle; 32337 The Head; 32338 The Harmonic Ointment,https://www.wowhead.com/quest=32333,,,A different creature
ID,418,Krasarang Wilds,88.98,31.73,Amber Kearnen,3372,Sarlek,32335 The Greatest Prank; 32452 And Then There Were Goblins; 32451 Send A Message,https://www.wowhead.com/quest=32335,,,A different creature
ID,418,Krasarang Wilds,10.1,53.9,Blood Guard Gro'tash,2344,Dun Garok Mountaineer,32449 The Ruins of Ogudei; 32235 Flash! Aaaaaahhhh!; 32128 Another One Bites the Dust,https://www.wowhead.com/quest=32449,,,A different creature
ID,418,Krasarang Wilds,10.6,53.8,Brolic,2231,Pygmy Tide Crawler,"32126 Tear It Up; 32127 All Dead, All Dead",https://www.wowhead.com/quest=32126,,,A different creature
ID,418,Krasarang Wilds,8.66,64.47,Garrosh Hellscream,2331,Paige Chaddis,32250 The Might of the Warchief; 32108 Domination Point,https://www.wowhead.com/quest=32250,,,A different creature
ID,418,Krasarang Wilds,10.39,53.71,General Nazgrim,2403,Farmer Getz,32328 Victorious Return; 32251 Dagger in the Dark,https://www.wowhead.com/quest=32328,,,A different creature
ID,418,Krasarang Wilds,80.2,16.4,Hilda Hornswaggle,2739,Shadowforge Tunneler,32121 The Spirit Trap; 32115 Shackles of the Past; 32347 Eviction Notice; 32346 Oi Ain't Afraid o' No Ghosts!; 32122 Ogudei's Lieutenants; 32119 It Is A Mystery,https://www.wowhead.com/quest=32121,,,A different creature
ID,418,Krasarang Wilds,86.57,29.36,King Varian Wrynn,2856,Angrun,32109 Lion's Landing; 32247 A King Among Men,https://www.wowhead.com/quest=32109,,,A different creature
ID,418,Krasarang Wilds,89.7,33.1,Marshal Troteman,2095,Billy the Street Urchin,"32116 Priorities, People!; 32148 Attack! Move!; 32151 Tower Defense; 32153 Hero Killer; 32152 Siege Damage",https://www.wowhead.com/quest=32116,,,A different creature
ID,418,Krasarang Wilds,16.7,78.5,Mishka,1908,Vile Fin Oracle,32156 It's Only Right; 32144 Under Pressure,https://www.wowhead.com/quest=32156,,,A different creature
ID,418,Krasarang Wilds,89.7,32.8,Mishka,2094,James Halloran,32149 Resource Gathering; 32150 Supply Block,https://www.wowhead.com/quest=32149,,,A different creature
ID,418,Krasarang Wilds,16.7,78.5,Seraphine of the Winter,2646,Vilebranch Blood Drinker,32158 Two Step Program,https://www.wowhead.com/quest=32158,,,A different creature
ID,418,Krasarang Wilds,10.3,55.7,Shokia,2082,Gilshalan Windwalker,32123 Death on Two Legs,https://www.wowhead.com/quest=32123,,,A different creature
ID,418,Krasarang Wilds,16.5,79.2,Sky Admiral Rogers,1850,Putridius,32157 The Only Good Goblin...; 32142 We Will Rock You; 32146 Hammer to Fall,https://www.wowhead.com/quest=32157,,,A different creature
ID,418,Krasarang Wilds,16.5,79.3,Tinkmaster Overspark,2440,Drunken Footpad,32143 A Kind of Magic; 32145 Don't Lose Your Head,https://www.wowhead.com/quest=32143,,,A different creature
ID,830,Krokuun,56.91,68.68,Gall,125246,Gaal,77795 Scavenged Artifacts; 48231 Armor of the Triumvirate; 48803 Forging a Key to the Past; 48271 Recovering the Pieces; 48261 The Power to Reforge,https://www.wowhead.com/quest=77795,,,A different creature
ID,830,Krokuun,56.75,67.51,High Exarch Turalyon,109254,Sana Bloodletter,47889 The Speaker Calls,https://www.wowhead.com/quest=47889,,,A different creature
ID,379,Kun-Lai Summit,59.21,84.25,Admiral Taylor,2404,Blacksmith Verringtan,32382 He's In Deep,https://www.wowhead.com/quest=32382,,,A different creature
ID,379,Kun-Lai Summit,59.83,75.96,Admiral Taylor,2404,Blacksmith Verringtan,32193 To Mogujia,https://www.wowhead.com/quest=32193,,,A different creature
ID,379,Kun-Lai Summit,59.21,84.25,Cousin Goottooth,2881,[UNUSED] Durdek Karrin,32397 He Won't Even Miss It; 32383 Bugging Out,https://www.wowhead.com/quest=32397,,,A different creature
ID,379,Kun-Lai Summit,33.15,26.19,Hilda Hornswaggle,2180,Stormscale Siren,32243 The Source of Korune Power,https://www.wowhead.com/quest=32243,,,A different creature
ID,379,Kun-Lai Summit,59.82,76.03,Hilda Hornswaggle,2180,Stormscale Siren,32243 The Source of Korune Power,https://www.wowhead.com/quest=32243,,,A different creature
ID,379,Kun-Lai Summit,59.98,75.31,Sarannha Skyglaive,2198,Crier Goodman,32194 Bad Blood,https://www.wowhead.com/quest=32194,,,A different creature
ID,379,Kun-Lai Summit,43.76,51.11,Seer Hao Pham Roo,5444,Tamed Raptor,32816 Path of the Last Emperor,https://www.wowhead.com/quest=32816,,,A different creature
ID,48,Loch Modan,41.4,39.0,Stolen Explorers' League Document,63306,Sprite Shrine,13655 Explorers' League Document (2 of 6),https://www.wowhead.com/quest=13655,,,A different creature
ID,48,Loch Modan,53.7,38.1,Stolen Explorers' League Document,63319,Thunder Cleft Conversation Bunny 001,13660 Explorers' League Document (5 of 6),https://www.wowhead.com/quest=13660,,,A different creature
ID,48,Loch Modan,61.7,73.2,Stolen Explorers' League Document,63316,Cloudbender Kobo,13657 Explorers' League Document (3 of 6),https://www.wowhead.com/quest=13657,,,A different creature
ID,48,Loch Modan,73.2,35.9,Stolen Explorers' League Document,63318,Chagan Firehoof,13659 Explorers' League Document (6 of 6),https://www.wowhead.com/quest=13659,,,A different creature
ID,272,Mana-Tombs,34.0,19.2,Artificer Morphalius,54629,Gunny,29573 Safety is Job One; 29575 Undercutting the Competition,https://www.wowhead.com/quest=29573,,,A different creature
ID,198,Mount Hyjal,42.7,28.1,Finkle Einhorn,49444,Pip Quickwit,28732 This Can Only Mean One Thing...,https://www.wowhead.com/quest=28732,,,A different creature
ID,1355,Nazjatar,38.0,55.4,Crafticus Mindbender,154653,Tomas Riogain,56128 Drowning the Horde,https://www.wowhead.com/quest=56128,,,A different creature
ID,469,New Tinkertown,37.26,65.18,Jessup McCree,42708,Kharmarn Palegrip,26318 Finishin' the Job; 26285 Get Me Explosives Back!; 26284 Missing in Action,https://www.wowhead.com/quest=26318,,,A different creature
ID,469,New Tinkertown,39.2,31.37,Jessup McCree,42708,Kharmarn Palegrip,26329 One More Thing,https://www.wowhead.com/quest=26329,,,A different creature
ID,85,Orgrimmar,54.3,34.6,Zevrost,3326,Zevrist,27402 Token of Power; 28459 Stones of Binding,https://www.wowhead.com/quest=27402,,,A different creature
ID,49,Redridge Mountains,33.28,52.58,Old MacDonald,112,Priestess,31725 Lindsay,https://www.wowhead.com/quest=31725,,,A different creature
ID,394,Shrine of Seven Stars,70.95,50.83,Hilda Hornswaggle,2180,Stormscale Siren,32243 The Source of Korune Power,https://www.wowhead.com/quest=32243,,,A different creature
ID,542,Spires of Arak,46.2,45.4,Vesharr,37123,Captain Brandon,37207 Vesharr,https://www.wowhead.com/quest=37207,,,A different creature
ID,535,Talador,49,80.4,Taralune,37208,Thunderhead,37208 Taralune,https://www.wowhead.com/quest=37208,,,A different creature
ID,57,Teldrassil,52.0,63.7,Moss-Twined Heart,2,,927 The Moss-twined Heart,https://www.wowhead.com/quest=927,,,"An object or item, not a creature: leave NewId blank"
ID,57,Teldrassil,55.6,51.2,Spring Gatherer,32799,Spring Collector,13480 The Great Egg Hunt,https://www.wowhead.com/quest=13480,,,Noblegarden has a Spring Gatherer and a Spring Collector
ID,57,Teldrassil,43.9,44.0,Sprouted Frond,7510,,2399 The Sprouted Fronds,https://www.wowhead.com/quest=2399,,,"An object or item, not a creature: leave NewId blank"
ID,57,Teldrassil,43.94,44.19,Strange Fronded Plant,6752,,931 The Shimmering Frond,https://www.wowhead.com/quest=931,,,"An object or item, not a creature: leave NewId blank"
ID,57,Teldrassil,59.94,59.77,Strange Fronded Plant,6752,,931 The Shimmering Frond,https://www.wowhead.com/quest=931,,,"An object or item, not a creature: leave NewId blank"
ID,778,The Emerald Nightmare,57.7,48.3,Malfurion Stormrage,101097,Calydus,44283 The Emerald Nightmare Piercing the Veil; 44284 The Emerald Nightmare Piercing the Veil; 44285 The Emerald Nightmare Piercing the Veil,https://www.wowhead.com/quest=44283,,,A different creature
ID,371,The Jade Forest,27.58,24.26,General Nazgrim,463,,31779 The Darkness Within,https://www.wowhead.com/quest=31779,,,The game has no creature with this ID
ID,371,The Jade Forest,29.13,13.73,General Nazgrim,1110,Skeletal Raider,29694 Regroup!; 31770 You're Either With Us Or...,https://www.wowhead.com/quest=29694,,,A different creature
ID,371,The Jade Forest,31.66,21.9,General Nazgrim,463,,31775 Assault on the Airstrip; 31776 Strongarm Tactics,https://www.wowhead.com/quest=31775,,,The game has no creature with this ID
ID,371,The Jade Forest,34.78,10.64,General Nazgrim,654,,31768 Fire Is Always the Answer; 31767 Finish Them!,https://www.wowhead.com/quest=31768,,,The game has no creature with this ID
ID,371,The Jade Forest,32.0,13.3,Gi-Oh,1126,Large Crag Boar,31978 Priorities!,https://www.wowhead.com/quest=31978,,,A different creature
ID,371,The Jade Forest,29.14,13.84,Kai-Lin Honeydew,1317,Lucan Cordell,31773 Prowler Problems,https://www.wowhead.com/quest=31773,,,A different creature
ID,371,The Jade Forest,46.21,84.68,Lin Applebloom,663,Calor,31740 Koukou's Rampage,https://www.wowhead.com/quest=31740,,,A different creature
ID,371,The Jade Forest,31.42,21.77,Merchant Zin,462,Vultros,31778 Unreliable Allies,https://www.wowhead.com/quest=31778,,,A different creature
ID,371,The Jade Forest,41.46,79.14,Rell Nightwind,1045,Red Dragonspawn,30070 The Fall of Ga'trul,https://www.wowhead.com/quest=30070,,,A different creature
ID,371,The Jade Forest,48.04,88.4,Rell Nightwind,1045,Red Dragonspawn,31745 Onward and Inward,https://www.wowhead.com/quest=31745,,,A different creature
ID,371,The Jade Forest,58.57,81.82,Rell Nightwind,1413,Janey Anship,29725 SI:7 Report: Fire From the Sky; 29885 Road Rations; 29883 The Pearlfin Situation; 30565 An Unexpected Advantage,https://www.wowhead.com/quest=29725,,,A different creature
ID,371,The Jade Forest,31.52,11.3,Rivett Clutchpop,1131,Winter Wolf,31766 Touching Ground,https://www.wowhead.com/quest=31766,,,A different creature
ID,371,The Jade Forest,31.15,17.53,Sergeant Gorrok,1309,Wynne Larson,31774 Seeking Zin'jun,https://www.wowhead.com/quest=31774,,,A different creature
ID,371,The Jade Forest,42.02,92.76,Sky Admiral Rogers,756,Skullsplitter Panther,31732 Unleash Hell; 31733 Touching Ground,https://www.wowhead.com/quest=31732,,,A different creature
ID,371,The Jade Forest,50.41,88.27,Sky Admiral Rogers,756,Skullsplitter Panther,"29555 The White Pawn; 29556 Hozen Aren't Your Friends, Hozen Are Your Enemies",https://www.wowhead.com/quest=29555,,,A different creature
ID,371,The Jade Forest,41.37,79.56,Sunke Khang,374,Cog Glitzspinner,31741 Twinspire Keep; 31744 Unfair Trade,https://www.wowhead.com/quest=31741,,,A different creature
ID,371,The Jade Forest,46.25,84.72,Sunke Khang,374,Cog Glitzspinner,31738 Pillaging Peons,https://www.wowhead.com/quest=31738,,,A different creature
ID,371,The Jade Forest,29.14,13.84,Taran Zhu,1121,Frostmane Snowstrider,31771 Face to Face With Consequence,https://www.wowhead.com/quest=31771,,,A different creature
ID,371,The Jade Forest,57.5,45.4,Your Hatchling,135,,30151 Catch!; 31704 Pooped; 30150 Sweet as Honey,https://www.wowhead.com/quest=30151,,,"An object or item, not a creature: leave NewId blank"
ID,1543,The Maw,19.30,33.50,Paper Scrap (item),173841,Paper Scrap,63159 Words of the Warden,https://www.wowhead.com/quest=63159,,,Started by an item; the creature with this ID is Paper Scrap
ID,2214,The Ringing Deeps,61.71,42.64,Broodmother's Egg,423581,,79372 A Clutch of Hope,https://www.wowhead.com/quest=79372,,,"An object or item, not a creature: leave NewId blank"
ID,2214,The Ringing Deeps,62.61,38.75,Broodmother's Egg,423581,,80513 Snouty Sabotage; 80512 Beat the Best,https://www.wowhead.com/quest=80513,,,"An object or item, not a creature: leave NewId blank"
ID,2214,The Ringing Deeps,65.92,75.51,Dirty Scroll,456062,,83142 Order of Magnitude,https://www.wowhead.com/quest=83142,,,"An object or item, not a creature: leave NewId blank"
ID,2214,The Ringing Deeps,72.52,79.23,Dirty Scroll,456062,,83142 Order of Magnitude,https://www.wowhead.com/quest=83142,,,"An object or item, not a creature: leave NewId blank"
ID,2214,The Ringing Deeps,49.2,44.6,Rusted Lever,443532,,82195 Rust and Redemption,https://www.wowhead.com/quest=82195,,,"An object or item, not a creature: leave NewId blank"
ID,2214,The Ringing Deeps,43.87,32.04,Suspicious Vent,413694,,78827 Go Take Candle!; 78860 More Candles!; 83326 The Final Candle,https://www.wowhead.com/quest=78827,,,"An object or item, not a creature: leave NewId blank"
ID,886,The Vindicaar,33.47,58.31,High Exarch Turalyon,109254,Sana Bloodletter,48200 Securing a Foothold; 48448 Hindering the Legion War Machine; 48600 Take the Edge Off; 48601 Felfire Shattering; 47473 Sizing Up The Opposition,https://www.wowhead.com/quest=48200,,,A different creature
ID,64,Thousand Needles,42.17,48.35,Brienna Starglow,25871,Midsummer Celebrant Costume: Gnome,27275 Together Again,https://www.wowhead.com/quest=27275,,,A different creature
ID,64,Thousand Needles,46.77,56.12,Brienna Starglow,25871,Midsummer Celebrant Costume: Gnome,25871 Save the Sentinel; 25872 The Brave and the Bold,https://www.wowhead.com/quest=25871,,,A different creature
ID,64,Thousand Needles,46.33,57.56,Montarr,25873,Midsummer Celebrant Costume: Human,25873 Horn of the Traitor,https://www.wowhead.com/quest=25873,,,A different creature
ID,554,Timeless Isle,23.11,71.65,Chromie,8155,Kargath Grunt,33231 Journey to the Timeless Isle,https://www.wowhead.com/quest=33231,,,A different creature
ID,554,Timeless Isle,34.53,53.65,Watcher Lara,7812,,33160 Time Keeper Kairoz,https://www.wowhead.com/quest=33160,,,The game has no creature with this ID
ID,2346,Undermine,39.75,68.45,For Rent Sign,461478,,84376 Property Devalued,https://www.wowhead.com/quest=84376,,,"An object or item, not a creature: leave NewId blank"
ID,2346,Undermine,33.12,52.52,G.E.T.A. Needs You!,467447,,84885 Working for G.E.T.A.,https://www.wowhead.com/quest=84885,,,"An object or item, not a creature: leave NewId blank"
ID,2346,Undermine,43.26,82.84,Gig Sheets,456747,,84214 The Job; 84885 Working for G.E.T.A.,https://www.wowhead.com/quest=84214,,,"An object or item, not a creature: leave NewId blank"
ID,2346,Undermine,43.3,51.4,Overly,509486,,86961 Diversified Investments,https://www.wowhead.com/quest=86961,,,"An object or item, not a creature: leave NewId blank"
ID,2346,Undermine,39.75,68.45,Weapons Cache,461492,,84380 Weapons Cash,https://www.wowhead.com/quest=84380,,,"An object or item, not a creature: leave NewId blank"
ID,2346,Undermine,61.73,72.03,Zirdo's Ledger,500619,,83175 Another Piece of the Puzzle,https://www.wowhead.com/quest=83175,,,"An object or item, not a creature: leave NewId blank"
ID,2112,Valdrakken,61.49,42.16,Hadexian,201401,Scalecommander Emberthal,72975 The Land Beneath,https://www.wowhead.com/quest=72975,,,A different creature
ID,390,Vale of Eternal Blossoms,20.97,15.58,Fanlyr Silverthorn,2298,Dolthar Stonefoot,32242 Buried Secrets; 32257 Voice of the Gods,https://www.wowhead.com/quest=32242,,,A different creature
ID,390,Vale of Eternal Blossoms,59.26,16.94,General Nazgrim,2403,Farmer Getz,32256 Rise Of An Empire,https://www.wowhead.com/quest=32256,,,A different creature
ID,376,Valley of the Four Winds,53.4,51.5,Barnaby Fletcher,2029,Timberling Mire Beast,"32198 One Magical, Flying Kingdom's Trash...",https://www.wowhead.com/quest=32198,,,A different creature
ID,376,Valley of the Four Winds,58.9,46.9,Ben of the Booming Voice,4862,Rabid Shrike Bat,32685 No Fishing Pole Necessary!,https://www.wowhead.com/quest=32685,,,A different creature
ID,398,Well of Eternity,71.6,80.6,Image of Nozdormu,55624,Nozdormu,30101 The Path to the Dragon Soul; 30099 In Unending Numbers; 30100 The Vainglorious,https://www.wowhead.com/quest=30101,,,Could be Image of Nozdormu with a wrong ID
ID,862,Zuldazar,19.98,56.44,Gig Sheets,456747,,84298 HELP WANTED: Kaja'Curiosity,https://www.wowhead.com/quest=84298,,,"An object or item, not a creature: leave NewId blank"
ID,862,Zuldazar,20.94,58.83,Note,454456,,83486 Remote Work,https://www.wowhead.com/quest=83486,,,"An object or item, not a creature: leave NewId blank"
