"Class","QuestID"
"B","41138"
"B","43568"
"B","73226"
"E","8330"
"E","8336"
"E","8345"
"E","8346"
"E","9422"
"E","10119"
"E","10754"
"E","25134"
"E","33145"
"E","34076"
"E","34501"
"E","34504"
"E","34505"
"E","34667"
"E","34728"
"E","35236"
"E","35237"
"E","35649"
"E","36590"
"E","36660"
"E","36792"
"E","37421"
"E","37422"
"E","38711"
"E","39462"
"E","40278"
"E","40282"
"E","40337"
"E","40390"
"E","40850"
"E","40966"
"E","41013"
"E","41014"
"E","41024"
"E","41055"
"E","41057"
"E","41076"
"E","41078"
"E","41095"
"E","41122"
"E","41145"
"E","41206"
"E","41207"
"E","41223"
"E","41227"
"E","41235"
"E","41257"
"E","41267"
"E","41287"
"E","41293"
"E","41303"
"E","41308"
"E","41315"
"E","41316"
"E","41338"
"E","41344"
"E","41350"
"E","41414"
"E","41416"
"E","41420"
"E","41421"
"E","41427"
"E","41428"
"E","41451"
"E","41622"
"E","41624"
"E","41633"
"E","41634"
"E","41635"
"E","41636"
"E","41637"
"E","41638"
"E","41641"
"E","41644"
"E","41646"
"E","41648"
"E","41650"
"E","41651"
"E","41652"
"E","41653"
"E","41654"
"E","41655"
"E","41657"
"E","41659"
"E","41660"
"E","41661"
"E","41662"
"E","41663"
"E","41664"
"E","41666"
"E","41667"
"E","41670"
"E","41671"
"E","41672"
"E","41674"
"E","41676"
"E","41677"
"E","41678"
"E","41685"
"E","41687"
"E","41691"
"E","41692"
"E","41695"
"E","41697"
"E","41699"
"E","41701"
"E","41703"
"E","41705"
"E","41706"
"E","41789"
"E","41794"
"E","41819"
"E","41821"
"E","41826"
"E","41828"
"E","41836"
"E","41838"
"E","41844"
"E","41855"
"E","41860"
"E","41861"
"E","41865"
"E","41896"
"E","41925"
"E","41926"
"E","41927"
"E","41930"
"E","41935"
"E","41938"
"E","41944"
"E","41948"
"E","41949"
"E","41950"
"E","41956"
"E","41958"
"E","41964"
"E","41980"
"E","41984"
"E","41990"
"E","41992"
"E","41995"
"E","41996"
"E","42004"
"E","42013"
"E","42014"
"E","42018"
"E","42019"
"E","42021"
"E","42022"
"E","42025"
"E","42026"
"E","42027"
"E","42028"
"E","42063"
"E","42064"
"E","42067"
"E","42070"
"E","42071"
"E","42075"
"E","42076"
"E","42077"
"E","42080"
"E","42082"
"E","42086"
"E","42087"
"E","42089"
"E","42090"
"E","42101"
"E","42105"
"E","42108"
"E","42112"
"E","42119"
"E","42123"
"E","42124"
"E","42145"
"E","42146"
"E","42150"
"E","42154"
"E","42159"
"E","42160"
"E","42165"
"E","42170"
"E","42172"
"E","42173"
"E","42174"
"E","42176"
"E","42177"
"E","42178"
"E","42182"
"E","42183"
"E","42209"
"E","42211"
"E","42233"
"E","42234"
"E","42240"
"E","42243"
"E","42269"
"E","42270"
"E","42274"
"E","42275"
"E","42276"
"E","42277"
"E","42420"
"E","42421"
"E","42422"
"E","42506"
"E","42511"
"E","42620"
"E","42623"
"E","42624"
"E","42631"
"E","42636"
"E","42652"
"E","42711"
"E","42714"
"E","42723"
"E","42725"
"E","42742"
"E","42743"
"E","42781"
"E","42783"
"E","42785"
"E","42788"
"E","42795"
"E","42796"
"E","42799"
"E","42819"
"E","42830"
"E","42859"
"E","42861"
"E","42880"
"E","42922"
"E","42924"
"E","42962"
"E","42969"
"E","43027"
"E","43040"
"E","43059"
"E","43079"
"E","43183"
"E","43247"
"E","43248"
"E","43324"
"E","43325"
"E","43327"
"E","43328"
"E","43332"
"E","43336"
"E","43344"
"E","43346"
"E","43426"
"E","43428"
"E","43429"
"E","43430"
"E","43431"
"E","43435"
"E","43437"
"E","43445"
"E","43450"
"E","43451"
"E","43453"
"E","43454"
"E","43455"
"E","43457"
"E","43458"
"E","43459"
"E","43512"
"E","43583"
"E","43598"
"E","43599"
"E","43600"
"E","43601"
"E","43605"
"E","43606"
"E","43609"
"E","43612"
"E","43615"
"E","43616"
"E","43617"
"E","43618"
"E","43620"
"E","43623"
"E","43628"
"E","43631"
"E","43632"
"E","43633"
"E","43639"
"E","43642"
"E","43709"
"E","43710"
"E","43711"
"E","43721"
"E","43738"
"E","43745"
"E","43751"
"E","43752"
"E","43753"
"E","43755"
"E","43756"
"E","43758"
"E","43764"
"E","43766"
"E","43767"
"E","43769"
"E","43771"
"E","43772"
"E","43774"
"E","43777"
"E","43778"
"E","43784"
"E","43786"
"E","43798"
"E","43803"
"E","43804"
"E","43807"
"E","43814"
"E","43827"
"E","43930"
"E","43932"
"E","43943"
"E","43951"
"E","43959"
"E","43963"
"E","43964"
"E","44002"
"E","44011"
"E","44013"
"E","44015"
"E","44016"
"E","44018"
"E","44019"
"E","44021"
"E","44025"
"E","44029"
"E","44033"
"E","44048"
"E","44049"
"E","44067"
"E","44114"
"E","44118"
"E","44121"
"E","44122"
"E","44157"
"E","44158"
"E","44187"
"E","44291"
"E","44294"
"E","44299"
"E","44300"
"E","44301"
"E","44730"
"E","44737"
"E","44744"
"E","44746"
"E","44748"
"E","44751"
"E","44759"
"E","44769"
"E","44780"
"E","44784"
"E","44786"
"E","44788"
"E","44799"
"E","44801"
"E","44802"
"E","44805"
"E","44811"
"E","44812"
"E","44813"
"E","44815"
"E","44816"
"E","44817"
"E","44846"
"E","44847"
"E","44856"
"E","44857"
"E","44867"
"E","44884"
"E","44892"
"E","44893"
"E","44894"
"E","44895"
"E","44923"
"E","44932"
"E","44933"
"E","44934"
"E","44935"
"E","44943"
"E","45032"
"E","45035"
"E","45046"
"E","45047"
"E","45048"
"E","45049"
"E","45058"
"E","45068"
"E","45069"
"E","45070"
"E","45072"
"E","45134"
"E","45178"
"E","45203"
"E","45307"
"E","45358"
"E","45379"
"E","45390"
"E","45439"
"E","45472"
"E","45473"
"E","45520"
"E","45531"
"E","45542"
"E","45549"
"E","45550"
"E","45559"
"E","45626"
"E","45653"
"E","45743"
"E","45744"
"E","45776"
"E","45786"
"E","45792"
"E","45793"
"E","45797"
"E","45804"
"E","45805"
"E","45837"
"E","45878"
"E","45922"
"E","45923"
"E","45924"
"E","45925"
"E","45926"
"E","45928"
"E","45934"
"E","45969"
"E","45973"
"E","45985"
"E","45988"
"E","46001"
"E","46008"
"E","46011"
"E","46013"
"E","46014"
"E","46017"
"E","46032"
"E","46046"
"E","46063"
"E","46066"
"E","46068"
"E","46075"
"E","46076"
"E","46077"
"E","46104"
"E","46105"
"E","46109"
"E","46111"
"E","46112"
"E","46113"
"E","46116"
"E","46126"
"E","46134"
"E","46135"
"E","46137"
"E","46138"
"E","46139"
"E","46146"
"E","46160"
"E","46161"
"E","46162"
"E","46163"
"E","46164"
"E","46165"
"E","46166"
"E","46167"
"E","46168"
"E","46170"
"E","46175"
"E","46179"
"E","46183"
"E","46184"
"E","46185"
"E","46187"
"E","46188"
"E","46189"
"E","46190"
"E","46191"
"E","46192"
"E","46193"
"E","46194"
"E","46195"
"E","46196"
"E","46197"
"E","46198"
"E","46201"
"E","46209"
"E","46212"
"E","46216"
"E","46236"
"E","46261"
"E","46262"
"E","46263"
"E","46264"
"E","46265"
"E","46277"
"E","46325"
"E","46500"
"E","46502"
"E","46503"
"E","46504"
"E","46707"
"E","46735"
"E","46736"
"E","46750"
"E","46752"
"E","46754"
"E","46761"
"E","46762"
"E","46763"
"E","46766"
"E","46811"
"E","46814"
"E","46817"
"E","46821"
"E","46822"
"E","46825"
"E","46829"
"E","46833"
"E","46932"
"E","46933"
"E","46942"
"E","46948"
"E","47132"
"E","47456"
"E","47496"
"E","47507"
"E","47527"
"E","47542"
"E","47551"
"E","47552"
"E","47561"
"E","47563"
"E","47566"
"E","47624"
"E","47625"
"E","47646"
"E","47647"
"E","47704"
"E","47705"
"E","47707"
"E","47712"
"E","47720"
"E","47724"
"E","47728"
"E","47828"
"E","47833"
"E","47844"
"E","47858"
"E","47953"
"E","48091"
"E","48094"
"E","48095"
"E","48097"
"E","48098"
"E","48099"
"E","48100"
"E","48101"
"E","48102"
"E","48103"
"E","48105"
"E","48106"
"E","48175"
"E","48192"
"E","48282"
"E","48284"
"E","48285"
"E","48286"
"E","48287"
"E","48318"
"E","48323"
"E","48337"
"E","48338"
"E","48349"
"E","48358"
"E","48359"
"E","48360"
"E","48363"
"E","48364"
"E","48373"
"E","48374"
"E","48386"
"E","48465"
"E","48466"
"E","48467"
"E","48502"
"E","48509"
"E","48510"
"E","48511"
"E","48512"
"E","48514"
"E","48526"
"E","48592"
"E","48614"
"E","48615"
"E","48624"
"E","48637"
"E","48639"
"E","48640"
"E","48641"
"E","48642"
"E","48662"
"E","48691"
"E","48694"
"E","48696"
"E","48698"
"E","48701"
"E","48722"
"E","48723"
"E","48724"
"E","48726"
"E","48729"
"E","48731"
"E","48732"
"E","48733"
"E","48734"
"E","48737"
"E","48738"
"E","48739"
"E","48740"
"E","48777"
"E","48780"
"E","48783"
"E","48827"
"E","48828"
"E","48829"
"E","48830"
"E","48831"
"E","48832"
"E","48833"
"E","48834"
"E","48835"
"E","48836"
"E","48837"
"E","48866"
"E","48867"
"E","48875"
"E","48931"
"E","48936"
"E","48952"
"E","48958"
"E","48983"
"E","49013"
"E","49041"
"E","49042"
"E","49045"
"E","49049"
"E","49050"
"E","49051"
"E","49052"
"E","49053"
"E","49054"
"E","49055"
"E","49057"
"E","49058"
"E","49345"
"E","49413"
"E","49444"
"E","49888"
"E","49918"
"E","49994"
"E","50000"
"E","50009"
"E","50164"
"E","50234"
"E","50287"
"E","50295"
"E","50296"
"E","50299"
"E","50315"
"E","50322"
"E","50369"
"E","50421"
"E","50443"
"E","50459"
"E","50461"
"E","50474"
"E","50483"
"E","50489"
"E","50490"
"E","50491"
"E","50492"
"E","50496"
"E","50497"
"E","50499"
"E","50501"
"E","50502"
"E","50503"
"E","50505"
"E","50506"
"E","50507"
"E","50510"
"E","50511"
"E","50512"
"E","50513"
"E","50514"
"E","50515"
"E","50516"
"E","50521"
"E","50524"
"E","50527"
"E","50529"
"E","50540"
"E","50545"
"E","50548"
"E","50549"
"E","50559"
"E","50562"
"E","50568"
"E","50571"
"E","50572"
"E","50574"
"E","50577"
"E","50578"
"E","50587"
"E","50592"
"E","50598"
"E","50599"
"E","50600"
"E","50601"
"E","50602"
"E","50603"
"E","50604"
"E","50605"
"E","50606"
"E","50619"
"E","50633"
"E","50634"
"E","50636"
"E","50648"
"E","50650"
"E","50651"
"E","50652"
"E","50660"
"E","50665"
"E","50667"
"E","50676"
"E","50689"
"E","50695"
"E","50717"
"E","50718"
"E","50735"
"E","50737"
"E","50744"
"E","50756"
"E","50765"
"E","50767"
"E","50782"
"E","50786"
"E","50805"
"E","50813"
"E","50845"
"E","50846"
"E","50847"
"E","50850"
"E","50853"
"E","50855"
"E","50857"
"E","50858"
"E","50859"
"E","50862"
"E","50863"
"E","50866"
"E","50867"
"E","50868"
"E","50869"
"E","50871"
"E","50873"
"E","50874"
"E","50875"
"E","50876"
"E","50877"
"E","50899"
"E","50936"
"E","50957"
"E","50958"
"E","50961"
"E","50962"
"E","50964"
"E","50966"
"E","50969"
"E","50975"
"E","50977"
"E","50981"
"E","50984"
"E","50987"
"E","50989"
"E","50991"
"E","50992"
"E","50995"
"E","50997"
"E","51002"
"E","51003"
"E","51004"
"E","51005"
"E","51006"
"E","51007"
"E","51012"
"E","51014"
"E","51015"
"E","51017"
"E","51024"
"E","51026"
"E","51028"
"E","51029"
"E","51030"
"E","51034"
"E","51038"
"E","51040"
"E","51042"
"E","51043"
"E","51048"
"E","51049"
"E","51051"
"E","51064"
"E","51081"
"E","51090"
"E","51095"
"E","51096"
"E","51097"
"E","51098"
"E","51099"
"E","51100"
"E","51102"
"E","51103"
"E","51104"
"E","51105"
"E","51106"
"E","51107"
"E","51108"
"E","51109"
"E","51112"
"E","51113"
"E","51114"
"E","51115"
"E","51116"
"E","51117"
"E","51118"
"E","51119"
"E","51120"
"E","51121"
"E","51122"
"E","51123"
"E","51124"
"E","51125"
"E","51127"
"E","51131"
"E","51153"
"E","51154"
"E","51155"
"E","51156"
"E","51157"
"E","51166"
"E","51172"
"E","51173"
"E","51174"
"E","51175"
"E","51176"
"E","51178"
"E","51179"
"E","51181"
"E","51185"
"E","51198"
"E","51210"
"E","51212"
"E","51225"
"E","51232"
"E","51238"
"E","51241"
"E","51245"
"E","51250"
"E","51252"
"E","51284"
"E","51311"
"E","51315"
"E","51316"
"E","51330"
"E","51373"
"E","51374"
"E","51388"
"E","51397"
"E","51406"
"E","51411"
"E","51412"
"E","51415"
"E","51422"
"E","51428"
"E","51429"
"E","51431"
"E","51433"
"E","51434"
"E","51444"
"E","51450"
"E","51454"
"E","51455"
"E","51461"
"E","51462"
"E","51463"
"E","51466"
"E","51468"
"E","51469"
"E","51475"
"E","51494"
"E","51496"
"E","51497"
"E","51505"
"E","51507"
"E","51512"
"E","51527"
"E","51528"
"E","51530"
"E","51546"
"E","51548"
"E","51550"
"E","51559"
"E","51566"
"E","51576"
"E","51581"
"E","51583"
"E","51584"
"E","51586"
"E","51588"
"E","51604"
"E","51608"
"E","51609"
"E","51610"
"E","51611"
"E","51612"
"E","51613"
"E","51615"
"E","51616"
"E","51617"
"E","51618"
"E","51619"
"E","51620"
"E","51622"
"E","51623"
"E","51625"
"E","51626"
"E","51627"
"E","51628"
"E","51629"
"E","51630"
"E","51632"
"E","51633"
"E","51635"
"E","51637"
"E","51638"
"E","51639"
"E","51640"
"E","51641"
"E","51642"
"E","51644"
"E","51646"
"E","51647"
"E","51651"
"E","51652"
"E","51654"
"E","51656"
"E","51657"
"E","51658"
"E","51659"
"E","51660"
"E","51662"
"E","51667"
"E","51669"
"E","51671"
"E","51672"
"E","51682"
"E","51683"
"E","51686"
"E","51687"
"E","51690"
"E","51693"
"E","51694"
"E","51697"
"E","51699"
"E","51706"
"E","51707"
"E","51709"
"E","51710"
"E","51719"
"E","51727"
"E","51737"
"E","51739"
"E","51740"
"E","51741"
"E","51742"
"E","51743"
"E","51746"
"E","51747"
"E","51754"
"E","51759"
"E","51761"
"E","51763"
"E","51764"
"E","51765"
"E","51767"
"E","51768"
"E","51774"
"E","51776"
"E","51778"
"E","51779"
"E","51780"
"E","51781"
"E","51782"
"E","51791"
"E","51792"
"E","51806"
"E","51811"
"E","51815"
"E","51816"
"E","51817"
"E","51820"
"E","51821"
"E","51824"
"E","51827"
"E","51832"
"E","51840"
"E","51842"
"E","51843"
"E","51847"
"E","51848"
"E","51855"
"E","51874"
"E","51884"
"E","51887"
"E","51890"
"E","51891"
"E","51892"
"E","51893"
"E","51894"
"E","51897"
"E","51901"
"E","51905"
"E","51908"
"E","51909"
"E","51917"
"E","51919"
"E","51920"
"E","51921"
"E","51981"
"E","51983"
"E","51988"
"E","52006"
"E","52007"
"E","52009"
"E","52010"
"E","52011"
"E","52045"
"E","52056"
"E","52071"
"E","52117"
"E","52119"
"E","52126"
"E","52140"
"E","52142"
"E","52143"
"E","52144"
"E","52160"
"E","52164"
"E","52165"
"E","52166"
"E","52174"
"E","52180"
"E","52181"
"E","52196"
"E","52198"
"E","52200"
"E","52209"
"E","52211"
"E","52218"
"E","52229"
"E","52230"
"E","52236"
"E","52239"
"E","52248"
"E","52251"
"E","52271"
"E","52278"
"E","52280"
"E","52297"
"E","52298"
"E","52299"
"E","52300"
"E","52302"
"E","52309"
"E","52310"
"E","52315"
"E","52316"
"E","52322"
"E","52325"
"E","52328"
"E","52330"
"E","52331"
"E","52332"
"E","52333"
"E","52334"
"E","52335"
"E","52336"
"E","52337"
"E","52338"
"E","52339"
"E","52340"
"E","52341"
"E","52342"
"E","52345"
"E","52347"
"E","52349"
"E","52351"
"E","52352"
"E","52355"
"E","52360"
"E","52364"
"E","52365"
"E","52367"
"E","52370"
"E","52371"
"E","52372"
"E","52373"
"E","52375"
"E","52376"
"E","52378"
"E","52381"
"E","52386"
"E","52389"
"E","52390"
"E","52392"
"E","52395"
"E","52397"
"E","52398"
"E","52400"
"E","52402"
"E","52404"
"E","52407"
"E","52408"
"E","52409"
"E","52410"
"E","52414"
"E","52416"
"E","52419"
"E","52420"
"E","52421"
"E","52422"
"E","52423"
"E","52424"
"E","52425"
"E","52426"
"E","52427"
"E","52430"
"E","52446"
"E","52452"
"E","52455"
"E","52463"
"E","52471"
"E","52474"
"E","52475"
"E","52507"
"E","52751"
"E","52752"
"E","52754"
"E","52755"
"E","52756"
"E","52760"
"E","52779"
"E","52785"
"E","52794"
"E","52798"
"E","52799"
"E","52803"
"E","52804"
"E","52805"
"E","52832"
"E","52850"
"E","52856"
"E","52858"
"E","52862"
"E","52864"
"E","52869"
"E","52871"
"E","52872"
"E","52873"
"E","52874"
"E","52875"
"E","52877"
"E","52878"
"E","52879"
"E","52880"
"E","52882"
"E","52884"
"E","52891"
"E","52892"
"E","52923"
"E","52924"
"E","52935"
"E","52936"
"E","52937"
"E","52938"
"E","52939"
"E","52940"
"E","52947"
"E","52964"
"E","52979"
"E","52986"
"E","52987"
"E","52988"
"E","53008"
"E","53025"
"E","53027"
"E","53076"
"E","53106"
"E","53159"
"E","53188"
"E","53195"
"E","53205"
"E","53211"
"E","53216"
"E","53218"
"E","53224"
"E","53232"
"E","53239"
"E","53265"
"E","53271"
"E","53280"
"E","53294"
"E","53313"
"E","53323"
"E","53334"
"E","53435"
"E","53436"
"E","53704"
"E","53706"
"E","53707"
"E","53712"
"E","53714"
"E","53715"
"E","53716"
"E","53717"
"E","53726"
"E","53752"
"E","53753"
"E","53755"
"E","53759"
"E","53768"
"E","53769"
"E","53771"
"E","53772"
"E","53804"
"E","53808"
"E","53812"
"E","53814"
"E","53832"
"E","53857"
"E","53867"
"E","53875"
"E","53877"
"E","53878"
"E","53886"
"E","53950"
"E","53951"
"E","54011"
"E","54016"
"E","54017"
"E","54060"
"E","54089"
"E","54091"
"E","54112"
"E","54127"
"E","54129"
"E","54143"
"E","54162"
"E","54182"
"E","54187"
"E","54188"
"E","54189"
"E","54190"
"E","54236"
"E","54243"
"E","54245"
"E","54251"
"E","54253"
"E","54254"
"E","54257"
"E","54266"
"E","54267"
"E","54268"
"E","54272"
"E","54273"
"E","54298"
"E","54308"
"E","54328"
"E","54329"
"E","54330"
"E","54332"
"E","54346"
"E","54347"
"E","54349"
"E","54351"
"E","54353"
"E","54355"
"E","54357"
"E","54362"
"E","54363"
"E","54366"
"E","54370"
"E","54377"
"E","54380"
"E","54385"
"E","54389"
"E","54392"
"E","54396"
"E","54403"
"E","54414"
"E","54415"
"E","54437"
"E","54442"
"E","54448"
"E","54449"
"E","54467"
"E","54471"
"E","54472"
"E","54488"
"E","54496"
"E","54497"
"E","54498"
"E","54499"
"E","54500"
"E","54502"
"E","54503"
"E","54504"
"E","54505"
"E","54506"
"E","54507"
"E","54508"
"E","54509"
"E","54511"
"E","54512"
"E","54513"
"E","54515"
"E","54516"
"E","54520"
"E","54521"
"E","54522"
"E","54523"
"E","54524"
"E","54527"
"E","54528"
"E","54531"
"E","54533"
"E","54534"
"E","54535"
"E","54536"
"E","54537"
"E","54538"
"E","54539"
"E","54540"
"E","54541"
"E","54542"
"E","54543"
"E","54544"
"E","54545"
"E","54546"
"E","54547"
"E","54548"
"E","54549"
"E","54550"
"E","54551"
"E","54552"
"E","54553"
"E","54561"
"E","54562"
"E","54563"
"E","54564"
"E","54565"
"E","54566"
"E","54567"
"E","54568"
"E","54569"
"E","54570"
"E","54571"
"E","54572"
"E","54573"
"E","54574"
"E","54583"
"E","54584"
"E","54585"
"E","54590"
"E","54591"
"E","54592"
"E","54593"
"E","54594"
"E","54597"
"E","54599"
"E","54602"
"E","54604"
"E","54605"
"E","54606"
"E","54607"
"E","54608"
"E","54609"
"E","54613"
"E","54614"
"E","54615"
"E","54616"
"E","54617"
"E","54619"
"E","54620"
"E","54621"
"E","54622"
"E","54623"
"E","54624"
"E","54625"
"E","54636"
"E","54638"
"E","54643"
"E","54645"
"E","54646"
"E","54647"
"E","54648"
"E","54649"
"E","54662"
"E","54664"
"E","54666"
"E","54673"
"E","54674"
"E","54675"
"E","54676"
"E","54678"
"E","54679"
"E","54681"
"E","54684"
"E","54685"
"E","54686"
"E","54688"
"E","54689"
"E","54690"
"E","54691"
"E","54692"
"E","54693"
"E","54697"
"E","54698"
"E","54699"
"E","54700"
"E","54701"
"E","54707"
"E","54711"
"E","54712"
"E","54722"
"E","54724"
"E","54784"
"E","54786"
"E","54788"
"E","54789"
"E","54790"
"E","54791"
"E","54792"
"E","54793"
"E","54794"
"E","54796"
"E","54797"
"E","54798"
"E","54799"
"E","54800"
"E","54801"
"E","54802"
"E","54803"
"E","54804"
"E","54805"
"E","54806"
"E","54807"
"E","54808"
"E","54809"
"E","54810"
"E","54811"
"E","54812"
"E","54817"
"E","54819"
"E","54821"
"E","54823"
"E","54824"
"E","54825"
"E","54827"
"E","54828"
"E","54829"
"E","54830"
"E","54831"
"E","54832"
"E","54833"
"E","54834"
"E","54835"
"E","54836"
"E","54837"
"E","54838"
"E","54839"
"E","54840"
"E","54841"
"E","54856"
"E","54858"
"E","54895"
"E","54896"
"E","55264"
"E","55301"
"E","55302"
"E","55340"
"E","55341"
"E","55342"
"E","55343"
"E","55344"
"E","55350"
"E","55466"
"E","55884"
"E","55886"
"E","55887"
"E","55888"
"E","55889"
"E","55890"
"E","55891"
"E","55892"
"E","55893"
"E","55894"
"E","55895"
"E","55896"
"E","55897"
"E","55898"
"E","55899"
"E","55900"
"E","55901"
"E","55970"
"E","55973"
"E","55982"
"E","55997"
"E","56003"
"E","56006"
"E","56010"
"E","56011"
"E","56012"
"E","56013"
"E","56014"
"E","56015"
"E","56019"
"E","56020"
"E","56021"
"E","56023"
"E","56024"
"E","56025"
"E","56032"
"E","56036"
"E","56041"
"E","56048"
"E","56050"
"E","56056"
"E","56057"
"E","56064"
"E","56078"
"E","56119"
"E","56120"
"E","56121"
"E","56131"
"E","56139"
"E","56141"
"E","56308"
"E","56381"
"E","56382"
"E","56383"
"E","56384"
"E","56385"
"E","56387"
"E","56388"
"E","56389"
"E","56390"
"E","56392"
"E","56393"
"E","56394"
"E","56395"
"E","56396"
"E","56397"
"E","56398"
"E","56399"
"E","56400"
"E","56419"
"E","56570"
"E","56767"
"E","56768"
"E","56769"
"E","56770"
"E","56772"
"E","56773"
"E","56774"
"E","56793"
"E","56794"
"E","56795"
"E","56796"
"E","56797"
"E","56798"
"E","56799"
"E","56800"
"E","56801"
"E","57008"
"E","57157"
"E","57205"
"E","57328"
"E","57330"
"E","57443"
"E","57465"
"E","57650"
"E","57728"
"E","58084"
"E","58144"
"E","58207"
"E","58221"
"E","58437"
"E","58490"
"E","58505"
"E","58601"
"E","58605"
"E","58705"
"E","58742"
"E","58743"
"E","58744"
"E","58745"
"E","58746"
"E","58747"
"E","58748"
"E","58749"
"E","58975"
"E","58993"
"E","59234"
"E","59578"
"E","59581"
"E","59585"
"E","59599"
"E","59600"
"E","59601"
"E","59617"
"E","59642"
"E","59643"
"E","59658"
"E","59680"
"E","59703"
"E","59705"
"E","59717"
"E","59718"
"E","59743"
"E","59771"
"E","59789"
"E","59803"
"E","59804"
"E","59808"
"E","59825"
"E","59836"
"E","59848"
"E","59850"
"E","59852"
"E","59853"
"E","59855"
"E","59902"
"E","59904"
"E","60231"
"E","60337"
"E","60475"
"E","60476"
"E","60531"
"E","60532"
"E","60533"
"E","60534"
"E","60542"
"E","60564"
"E","60565"
"E","60574"
"E","60585"
"E","60597"
"E","60601"
"E","60602"
"E","60609"
"E","60623"
"E","60649"
"E","60653"
"E","60654"
"E","60655"
"E","60656"
"E","60657"
"E","60658"
"E","60659"
"E","60739"
"E","60770"
"E","60786"
"E","60837"
"E","60842"
"E","60844"
"E","60855"
"E","60858"
"E","60872"
"E","60899"
"E","60911"
"E","60929"
"E","60950"
"E","60958"
"E","61060"
"E","61141"
"E","61148"
"E","61189"
"E","61220"
"E","61303"
"E","61337"
"E","61342"
"E","61343"
"E","61352"
"E","61394"
"E","61411"
"E","61434"
"E","61435"
"E","61439"
"E","61440"
"E","61441"
"E","61442"
"E","61443"
"E","61446"
"E","61447"
"E","61449"
"E","61467"
"E","61468"
"E","61469"
"E","61477"
"E","61520"
"E","61530"
"E","61537"
"E","61538"
"E","61539"
"E","61540"
"E","61543"
"E","61544"
"E","61545"
"E","61549"
"E","61564"
"E","61593"
"E","61595"
"E","61596"
"E","61597"
"E","61598"
"E","61599"
"E","61601"
"E","61602"
"E","61603"
"E","61604"
"E","61605"
"E","61606"
"E","61607"
"E","61608"
"E","61609"
"E","61610"
"E","61611"
"E","61612"
"E","61613"
"E","61614"
"E","61615"
"E","61619"
"E","61620"
"E","61621"
"E","61622"
"E","61623"
"E","61624"
"E","61625"
"E","61626"
"E","61627"
"E","61628"
"E","61629"
"E","61630"
"E","61631"
"E","61667"
"E","61689"
"E","61699"
"E","61708"
"E","61717"
"E","61783"
"E","61784"
"E","61787"
"E","61791"
"E","61813"
"E","61814"
"E","61815"
"E","61816"
"E","61841"
"E","61866"
"E","61867"
"E","61868"
"E","61870"
"E","61879"
"E","61883"
"E","61885"
"E","61886"
"E","61946"
"E","61947"
"E","61948"
"E","61949"
"E","61967"
"E","62051"
"E","62058"
"E","62068"
"E","62203"
"E","62204"
"E","62235"
"E","62241"
"E","62258"
"E","62280"
"E","62451"
"E","63543"
"E","63822"
"E","63823"
"E","63824"
"E","64273"
"E","64531"
"E","64554"
"E","64768"
"E","64960"
"E","64974"
"E","65081"
"E","65102"
"E","65117"
"E","65119"
"E","65143"
"E","65230"
"E","65231"
"E","65232"
"E","65234"
"E","65244"
"E","65252"
"E","65262"
"E","65402"
"E","65403"
"E","65405"
"E","65406"
"E","65407"
"E","65410"
"E","65411"
"E","65412"
"E","65413"
"E","65415"
"E","65416"
"E","65417"
"E","65841"
"E","65892"
"E","65994"
"E","66070"
"E","66117"
"E","66133"
"E","66203"
"E","66419"
"E","66421"
"E","66551"
"E","66588"
"E","66718"
"E","66805"
"E","66901"
"E","66902"
"E","66903"
"E","67005"
"E","67006"
"E","67009"
"E","67014"
"E","67015"
"E","67024"
"E","67026"
"E","67027"
"E","67062"
"E","69913"
"E","69916"
"E","69924"
"E","69927"
"E","69928"
"E","69929"
"E","69930"
"E","69931"
"E","69938"
"E","69941"
"E","69949"
"E","69987"
"E","69988"
"E","69990"
"E","69991"
"E","69993"
"E","69994"
"E","69995"
"E","70011"
"E","70012"
"E","70021"
"E","70035"
"E","70047"
"E","70057"
"E","70064"
"E","70066"
"E","70067"
"E","70068"
"E","70072"
"E","70073"
"E","70074"
"E","70075"
"E","70079"
"E","70100"
"E","70110"
"E","70112"
"E","70146"
"E","70149"
"E","70150"
"E","70160"
"E","70172"
"E","70176"
"E","70196"
"E","70209"
"E","70224"
"E","70382"
"E","70412"
"E","70415"
"E","70416"
"E","70418"
"E","70420"
"E","70421"
"E","70422"
"E","70423"
"E","70424"
"E","70425"
"E","70426"
"E","70427"
"E","70428"
"E","70429"
"E","70430"
"E","70439"
"E","70440"
"E","70442"
"E","70529"
"E","70602"
"E","70622"
"E","70623"
"E","70625"
"E","70629"
"E","70631"
"E","70632"
"E","70634"
"E","70638"
"E","70646"
"E","70649"
"E","70651"
"E","70652"
"E","70653"
"E","70654"
"E","70655"
"E","70656"
"E","70658"
"E","70659"
"E","70661"
"E","70662"
"E","70699"
"E","70712"
"E","70720"
"E","70780"
"E","70934"
"E","70984"
"E","71140"
"E","71145"
"E","71153"
"E","71156"
"E","71164"
"E","71166"
"E","71180"
"E","71202"
"E","71206"
"E","71212"
"E","71225"
"E","72008"
"E","72019"
"E","72022"
"E","72028"
"E","72030"
"E","72058"
"E","72090"
"E","72298"
"E","72381"
"E","72382"
"E","72383"
"E","73078"
"E","73079"
"E","73082"
"E","73083"
"E","73084"
"E","73146"
"E","73147"
"E","73148"
"E","73149"
"E","74352"
"E","74377"
"E","74792"
"E","74794"
"E","74835"
"E","74836"
"E","74837"
"E","74838"
"E","74840"
"E","74841"
"E","75156"
"E","75162"
"E","75222"
"E","75257"
"E","75370"
"E","75441"
"E","75450"
"E","75451"
"E","75454"
"E","75455"
"E","75461"
"E","75471"
"E","75478"
"E","75494"
"E","75611"
"E","75612"
"E","75624"
"E","75641"
"E","75664"
"E","75680"
"E","75705"
"E","75750"
"E","75834"
"E","75835"
"E","77570"
"E","77761"
"E","77765"
"E","77867"
"E","77878"
"E","77982"
"E","78015"
"E","78434"
"E","78435"
"E","78436"
"E","78437"
"E","78438"
"E","78439"
"F","6962"
"F","6984"
"F","7025"
"F","7045"
"F","24932"
"F","24933"
"F","24951"
"F","24953"
"F","25072"
"F","25465"
"F","25466"
"F","27039"
"F","27070"
"F","27076"
"F","27763"
"F","27764"
"F","27774"
"F","27776"
"F","31332"
"F","31333"
"F","31334"
"F","31335"
"F","31336"
"F","31337"
"F","31820"
"F","34512"
"F","34513"
"F","34514"
"F","34515"
"F","34516"
"F","34598"
"F","34662"
"F","34663"
"F","34664"
"F","34665"
"F","34666"
"F","36648"
"F","36649"
"F","36667"
"F","36669"
"F","36674"
"F","36675"
"F","36676"
"F","36677"
"F","36678"
"F","36679"
"F","36680"
"F","36681"
"F","36682"
"F","36683"
"F","36684"
"F","36685"
"F","36686"
"F","36687"
"F","36688"
"F","36689"
"F","36690"
"F","36691"
"F","36692"
"F","36693"
"F","36694"
"F","36695"
"F","36696"
"F","36697"
"F","36698"
"F","36699"
"F","36700"
"F","36701"
"F","37523"
"F","37524"
"F","37981"
"F","38176"
"F","38177"
"F","38178"
"F","38179"
"F","38180"
"F","38181"
"F","38182"
"F","38183"
"F","38184"
"F","38185"
"F","38186"
"F","38187"
"F","38189"
"F","38190"
"F","38191"
"F","38192"
"F","38193"
"F","38194"
"F","38195"
"F","38196"
"F","38197"
"F","38198"
"F","38199"
"F","38200"
"F","38201"
"F","38202"
"F","38876"
"F","38877"
"F","40839"
"F","40941"
"F","40942"
"F","40943"
"F","40944"
"F","55224"
"F","55226"
"F","57455"
"F","57458"
"F","57459"
"F","57463"
"F","57583"
"F","58802"
"F","58803"
"F","58804"
"F","58805"
"F","58806"
"F","58807"
"F","58808"
"F","58809"
"F","58810"
"F","58811"
"F","58812"
"F","58813"
"F","58817"
"F","58818"
"F","58825"
"F","58826"
"F","58829"
"F","58831"
"F","58858"
"F","58859"
"F","58860"
"F","58862"
"F","60153"
"F","60175"
"F","60188"
"F","62263"
"F","62296"
"F","62382"
"F","62400"
"F","62417"
"F","62453"
"F","62459"
"F","62465"
"F","62466"
"F","62606"
"F","62607"
"F","62608"
"F","62610"
"F","62611"
"F","62614"
"F","62615"
"F","77194"
"G","4103"
"G","4104"
"G","4105"
"G","4106"
"G","4107"
"G","4108"
"G","4109"
"G","4110"
"G","4111"
"G","4112"
"G","5882"
"G","5883"
"G","5884"
"G","5885"
"G","5886"
"G","5887"
"G","5888"
"G","5889"
"G","5890"
"G","5891"
"G","7491"
"G","8228"
"G","8229"
"G","8264"
"G","8316"
"G","8358"
"G","8376"
"G","8377"
"G","8378"
"G","8379"
"G","8380"
"G","8381"
"G","8382"
"G","8532"
"G","8542"
"G","8545"
"G","8546"
"G","8550"
"G","8580"
"G","8581"
"G","8582"
"G","8583"
"G","8589"
"G","8591"
"G","8601"
"G","8604"
"G","8605"
"G","8608"
"G","8610"
"G","8612"
"G","8614"
"G","8616"
"G","8980"
"G","8982"
"G","8983"
"G","9026"
"G","9288"
"G","9339"
"G","9386"
"G","10942"
"G","10967"
"G","10968"
"G","11031"
"G","11032"
"G","11033"
"G","11034"
"G","11117"
"G","11545"
"G","11581"
"G","11583"
"G","11584"
"G","11597"
"G","11732"
"G","11734"
"G","11735"
"G","11736"
"G","11737"
"G","11738"
"G","11739"
"G","11740"
"G","11741"
"G","11742"
"G","11743"
"G","11744"
"G","11745"
"G","11746"
"G","11747"
"G","11749"
"G","11750"
"G","11751"
"G","11752"
"G","11753"
"G","11754"
"G","11755"
"G","11756"
"G","11757"
"G","11758"
"G","11759"
"G","11760"
"G","11761"
"G","11762"
"G","11763"
"G","11764"
"G","11765"
"G","11766"
"G","11767"
"G","11768"
"G","11769"
"G","11770"
"G","11771"
"G","11772"
"G","11773"
"G","11774"
"G","11775"
"G","11776"
"G","11777"
"G","11778"
"G","11779"
"G","11780"
"G","11781"
"G","11782"
"G","11783"
"G","11784"
"G","11786"
"G","11787"
"G","11799"
"G","11800"
"G","11801"
"G","11802"
"G","11803"
"G","11804"
"G","11805"
"G","11806"
"G","11807"
"G","11808"
"G","11809"
"G","11810"
"G","11811"
"G","11812"
"G","11813"
"G","11814"
"G","11815"
"G","11817"
"G","11818"
"G","11820"
"G","11821"
"G","11822"
"G","11823"
"G","11824"
"G","11825"
"G","11826"
"G","11827"
"G","11828"
"G","11829"
"G","11830"
"G","11831"
"G","11832"
"G","11833"
"G","11834"
"G","11835"
"G","11836"
"G","11837"
"G","11838"
"G","11839"
"G","11840"
"G","11841"
"G","11842"
"G","11843"
"G","11844"
"G","11845"
"G","11846"
"G","11847"
"G","11848"
"G","11849"
"G","11850"
"G","11851"
"G","11852"
"G","11853"
"G","11854"
"G","11855"
"G","11856"
"G","11857"
"G","11858"
"G","11859"
"G","11860"
"G","11862"
"G","11863"
"G","12155"
"G","12362"
"G","12363"
"G","12364"
"G","12365"
"G","12367"
"G","12368"
"G","12369"
"G","12370"
"G","12371"
"G","12373"
"G","12374"
"G","12375"
"G","12376"
"G","12377"
"G","12378"
"G","12379"
"G","12381"
"G","12382"
"G","12384"
"G","12385"
"G","12386"
"G","12387"
"G","12388"
"G","12389"
"G","12390"
"G","12392"
"G","12394"
"G","12395"
"G","12421"
"G","12434"
"G","12446"
"G","12947"
"G","13289"
"G","13440"
"G","13441"
"G","13442"
"G","13443"
"G","13444"
"G","13445"
"G","13446"
"G","13447"
"G","13449"
"G","13450"
"G","13451"
"G","13453"
"G","13454"
"G","13455"
"G","13457"
"G","13458"
"G","13464"
"G","13465"
"G","13466"
"G","13485"
"G","13486"
"G","13487"
"G","13488"
"G","13489"
"G","13490"
"G","13491"
"G","13492"
"G","13493"
"G","13494"
"G","13495"
"G","13496"
"G","13497"
"G","13498"
"G","13499"
"G","13500"
"G","13501"
"G","13548"
"G","13799"
"G","13800"
"G","13827"
"G","13938"
"G","13954"
"G","13955"
"G","13957"
"G","13959"
"G","13960"
"G","14033"
"G","14167"
"G","14168"
"G","14169"
"G","14170"
"G","14171"
"G","14174"
"G","14176"
"G","14177"
"G","14439"
"G","14481"
"G","24496"
"G","24596"
"G","24752"
"G","24760"
"G","24766"
"G","24845"
"G","24912"
"G","24915"
"G","26178"
"G","26398"
"G","26949"
"G","27841"
"G","27846"
"G","28606"
"G","28607"
"G","28910"
"G","28911"
"G","28912"
"G","28913"
"G","28914"
"G","28915"
"G","28916"
"G","28917"
"G","28918"
"G","28919"
"G","28920"
"G","28921"
"G","28922"
"G","28923"
"G","28924"
"G","28925"
"G","28926"
"G","28927"
"G","28928"
"G","28929"
"G","28930"
"G","28931"
"G","28932"
"G","28933"
"G","28943"
"G","28944"
"G","28945"
"G","28946"
"G","28947"
"G","28948"
"G","28949"
"G","28950"
"G","28957"
"G","28958"
"G","28966"
"G","28969"
"G","28971"
"G","28973"
"G","28974"
"G","28976"
"G","28984"
"G","28986"
"G","28987"
"G","28989"
"G","28992"
"G","28996"
"G","28998"
"G","29003"
"G","29004"
"G","29009"
"G","29117"
"G","29119"
"G","29190"
"G","29191"
"G","29416"
"G","29428"
"G","29429"
"G","30040"
"G","30041"
"G","30042"
"G","30045"
"G","30122"
"G","30880"
"G","30885"
"G","30902"
"G","31016"
"G","31150"
"G","31168"
"G","31519"
"G","31520"
"G","31523"
"G","31524"
"G","31525"
"G","31526"
"G","31527"
"G","31528"
"G","31530"
"G","31755"
"G","31756"
"G","31877"
"G","31882"
"G","31883"
"G","31884"
"G","31885"
"G","31998"
"G","32000"
"G","32001"
"G","32002"
"G","32003"
"G","32004"
"G","32005"
"G","32006"
"G","32007"
"G","32020"
"G","32047"
"G","32138"
"G","32139"
"G","32140"
"G","32141"
"G","32154"
"G","32197"
"G","32221"
"G","32223"
"G","32236"
"G","32238"
"G","32294"
"G","32373"
"G","32403"
"G","32406"
"G","32409"
"G","32410"
"G","32411"
"G","32446"
"G","32496"
"G","32497"
"G","32498"
"G","32499"
"G","32501"
"G","32502"
"G","32503"
"G","32509"
"G","32510"
"G","32561"
"G","32562"
"G","32565"
"G","32576"
"G","32577"
"G","32582"
"G","32583"
"G","32584"
"G","32607"
"G","32713"
"G","32714"
"G","32715"
"G","32716"
"G","33350"
"G","34063"
"G","34244"
"G","34475"
"G","34733"
"G","34735"
"G","34844"
"G","34846"
"G","34871"
"G","34872"
"G","34873"
"G","34895"
"G","34983"
"G","34984"
"G","34985"
"G","34986"
"G","35047"
"G","35105"
"G","35172"
"G","35653"
"G","35689"
"G","35690"
"G","35691"
"G","35914"
"G","36005"
"G","36007"
"G","36017"
"G","36018"
"G","36038"
"G","36161"
"G","36162"
"G","36242"
"G","36248"
"G","36719"
"G","36793"
"G","36797"
"G","36834"
"G","36838"
"G","36839"
"G","36840"
"G","36841"
"G","36842"
"G","36844"
"G","36845"
"G","37113"
"G","37114"
"G","37197"
"G","37270"
"G","37416"
"G","37451"
"G","37474"
"G","37481"
"G","37482"
"G","37483"
"G","37484"
"G","37526"
"G","37584"
"G","37587"
"G","37589"
"G","37590"
"G","37591"
"G","37592"
"G","37593"
"G","37594"
"G","37625"
"G","37638"
"G","37639"
"G","37640"
"G","37646"
"G","37754"
"G","37834"
"G","37835"
"G","37836"
"G","37837"
"G","37930"
"G","37964"
"G","38090"
"G","38204"
"G","38205"
"G","38288"
"G","38294"
"G","38297"
"G","38304"
"G","38305"
"G","38341"
"G","38482"
"G","38598"
"G","38619"
"G","38708"
"G","38845"
"G","38914"
"G","38938"
"G","39020"
"G","39021"
"G","39042"
"G","39424"
"G","39692"
"G","39869"
"G","40121"
"G","40226"
"G","40279"
"G","40280"
"G","40317"
"G","40323"
"G","40516"
"G","40598"
"G","40631"
"G","40651"
"G","40676"
"G","40801"
"G","40895"
"G","40896"
"G","40984"
"G","40985"
"G","41006"
"G","41011"
"G","41025"
"G","41026"
"G","41077"
"G","41089"
"G","41090"
"G","41091"
"G","41093"
"G","41130"
"G","41144"
"G","41157"
"G","41159"
"G","41162"
"G","41163"
"G","41165"
"G","41166"
"G","41168"
"G","41169"
"G","41172"
"G","41173"
"G","41178"
"G","41179"
"G","41181"
"G","41182"
"G","41184"
"G","41190"
"G","41191"
"G","41193"
"G","41196"
"G","41198"
"G","41200"
"G","41203"
"G","41205"
"G","41209"
"G","41224"
"G","41228"
"G","41232"
"G","41234"
"G","41236"
"G","41237"
"G","41240"
"G","41243"
"G","41252"
"G","41253"
"G","41259"
"G","41260"
"G","41262"
"G","41265"
"G","41268"
"G","41269"
"G","41272"
"G","41273"
"G","41274"
"G","41275"
"G","41276"
"G","41277"
"G","41282"
"G","41288"
"G","41289"
"G","41290"
"G","41292"
"G","41295"
"G","41297"
"G","41298"
"G","41299"
"G","41300"
"G","41301"
"G","41302"
"G","41304"
"G","41311"
"G","41312"
"G","41313"
"G","41314"
"G","41317"
"G","41318"
"G","41322"
"G","41326"
"G","41327"
"G","41333"
"G","41339"
"G","41340"
"G","41343"
"G","41345"
"G","41346"
"G","41347"
"G","41349"
"G","41351"
"G","41352"
"G","41353"
"G","41354"
"G","41357"
"G","41432"
"G","41433"
"G","41434"
"G","41437"
"G","41438"
"G","41439"
"G","41441"
"G","41444"
"G","41446"
"G","41447"
"G","41454"
"G","41455"
"G","41460"
"G","41481"
"G","41482"
"G","41483"
"G","41484"
"G","41489"
"G","41491"
"G","41492"
"G","41493"
"G","41495"
"G","41496"
"G","41498"
"G","41501"
"G","41502"
"G","41503"
"G","41504"
"G","41506"
"G","41507"
"G","41509"
"G","41511"
"G","41513"
"G","41514"
"G","41515"
"G","41516"
"G","41520"
"G","41523"
"G","41526"
"G","41527"
"G","41529"
"G","41531"
"G","41533"
"G","41536"
"G","41538"
"G","41539"
"G","41544"
"G","41547"
"G","41548"
"G","41549"
"G","41551"
"G","41552"
"G","41555"
"G","41557"
"G","41558"
"G","41560"
"G","41562"
"G","41563"
"G","41564"
"G","41565"
"G","41569"
"G","41571"
"G","41572"
"G","41573"
"G","41596"
"G","41597"
"G","41598"
"G","41599"
"G","41601"
"G","41602"
"G","41603"
"G","41604"
"G","41605"
"G","41610"
"G","41612"
"G","41613"
"G","41616"
"G","41617"
"G","41623"
"G","41639"
"G","41640"
"G","41642"
"G","41643"
"G","41645"
"G","41647"
"G","41649"
"G","41656"
"G","41658"
"G","41665"
"G","41668"
"G","41669"
"G","41673"
"G","41675"
"G","41679"
"G","41680"
"G","41686"
"G","41693"
"G","41696"
"G","41700"
"G","41710"
"G","41712"
"G","41714"
"G","41716"
"G","41718"
"G","41720"
"G","41721"
"G","41757"
"G","41758"
"G","41761"
"G","41765"
"G","41766"
"G","41774"
"G","41802"
"G","41816"
"G","41817"
"G","41818"
"G","41820"
"G","41822"
"G","41823"
"G","41824"
"G","41825"
"G","41827"
"G","41829"
"G","41830"
"G","41832"
"G","41833"
"G","41835"
"G","41837"
"G","41842"
"G","41843"
"G","41857"
"G","41862"
"G","41864"
"G","41866"
"G","41879"
"G","41895"
"G","41914"
"G","41931"
"G","41934"
"G","41955"
"G","41962"
"G","41965"
"G","42015"
"G","42024"
"G","42062"
"G","42095"
"G","42130"
"G","42148"
"G","42190"
"G","42235"
"G","42239"
"G","42241"
"G","42242"
"G","42442"
"G","42457"
"G","42458"
"G","42462"
"G","42464"
"G","42466"
"G","42467"
"G","42468"
"G","42469"
"G","42470"
"G","42617"
"G","42633"
"G","42712"
"G","42713"
"G","42744"
"G","42745"
"G","42746"
"G","42755"
"G","42757"
"G","42764"
"G","42769"
"G","42779"
"G","42780"
"G","42784"
"G","42797"
"G","42798"
"G","42800"
"G","42805"
"G","42806"
"G","42820"
"G","42864"
"G","42870"
"G","42915"
"G","42916"
"G","42926"
"G","42927"
"G","42939"
"G","42952"
"G","42953"
"G","42963"
"G","42964"
"G","42991"
"G","43063"
"G","43072"
"G","43091"
"G","43098"
"G","43101"
"G","43121"
"G","43152"
"G","43175"
"G","43192"
"G","43193"
"G","43242"
"G","43245"
"G","43260"
"G","43285"
"G","43286"
"G","43287"
"G","43288"
"G","43296"
"G","43297"
"G","43326"
"G","43330"
"G","43333"
"G","43345"
"G","43347"
"G","43404"
"G","43406"
"G","43408"
"G","43410"
"G","43411"
"G","43413"
"G","43417"
"G","43419"
"G","43421"
"G","43427"
"G","43432"
"G","43434"
"G","43436"
"G","43438"
"G","43448"
"G","43452"
"G","43456"
"G","43460"
"G","43476"
"G","43477"
"G","43497"
"G","43498"
"G","43513"
"G","43607"
"G","43608"
"G","43610"
"G","43611"
"G","43613"
"G","43614"
"G","43619"
"G","43621"
"G","43622"
"G","43624"
"G","43625"
"G","43626"
"G","43627"
"G","43629"
"G","43630"
"G","43637"
"G","43638"
"G","43640"
"G","43641"
"G","43712"
"G","43714"
"G","43722"
"G","43754"
"G","43759"
"G","43762"
"G","43765"
"G","43776"
"G","43779"
"G","43801"
"G","43802"
"G","43805"
"G","43985"
"G","44010"
"G","44012"
"G","44017"
"G","44022"
"G","44023"
"G","44024"
"G","44026"
"G","44027"
"G","44028"
"G","44030"
"G","44031"
"G","44032"
"G","44044"
"G","44050"
"G","44054"
"G","44113"
"G","44119"
"G","44174"
"G","44185"
"G","44186"
"G","44189"
"G","44190"
"G","44191"
"G","44192"
"G","44193"
"G","44194"
"G","44196"
"G","44197"
"G","44198"
"G","44199"
"G","44200"
"G","44201"
"G","44241"
"G","44242"
"G","44287"
"G","44289"
"G","44290"
"G","44292"
"G","44293"
"G","44298"
"G","44302"
"G","44303"
"G","44304"
"G","44305"
"G","44498"
"G","44546"
"G","44558"
"G","44559"
"G","44560"
"G","44570"
"G","44571"
"G","44572"
"G","44573"
"G","44574"
"G","44575"
"G","44576"
"G","44577"
"G","44578"
"G","44579"
"G","44580"
"G","44582"
"G","44583"
"G","44613"
"G","44614"
"G","44624"
"G","44627"
"G","44823"
"G","44885"
"G","44936"
"G","44937"
"G","44938"
"G","44939"
"G","45071"
"G","45098"
"G","45101"
"G","45132"
"G","45333"
"G","45386"
"G","45397"
"G","45438"
"G","45527"
"G","45541"
"G","45631"
"G","45637"
"G","45638"
"G","45639"
"G","45640"
"G","45641"
"G","45642"
"G","45643"
"G","45651"
"G","45654"
"G","45655"
"G","45656"
"G","45657"
"G","45674"
"G","45675"
"G","45729"
"G","45730"
"G","45731"
"G","45732"
"G","45733"
"G","45734"
"G","45735"
"G","45736"
"G","45737"
"G","45738"
"G","45739"
"G","45740"
"G","45741"
"G","45742"
"G","45746"
"G","45747"
"G","45748"
"G","45749"
"G","45750"
"G","45751"
"G","45752"
"G","45753"
"G","45754"
"G","45755"
"G","45757"
"G","45758"
"G","45759"
"G","45760"
"G","45761"
"G","45762"
"G","45766"
"G","45791"
"G","45801"
"G","45802"
"G","45803"
"G","45806"
"G","45807"
"G","45808"
"G","45809"
"G","45810"
"G","45811"
"G","45921"
"G","45927"
"G","45929"
"G","45930"
"G","45970"
"G","45977"
"G","45986"
"G","45989"
"G","45991"
"G","45993"
"G","45995"
"G","45997"
"G","46006"
"G","46010"
"G","46012"
"G","46015"
"G","46016"
"G","46021"
"G","46022"
"G","46024"
"G","46026"
"G","46028"
"G","46072"
"G","46073"
"G","46136"
"G","46169"
"G","46180"
"G","46186"
"G","46202"
"G","46279"
"G","46288"
"G","46308"
"G","46360"
"G","46505"
"G","46506"
"G","46507"
"G","46508"
"G","46755"
"G","46756"
"G","46844"
"G","46865"
"G","46866"
"G","46867"
"G","46868"
"G","46869"
"G","46904"
"G","46945"
"G","46947"
"G","46997"
"G","46998"
"G","46999"
"G","47007"
"G","47008"
"G","47009"
"G","47010"
"G","47012"
"G","47015"
"G","47016"
"G","47017"
"G","47029"
"G","47040"
"G","47045"
"G","47054"
"G","47061"
"G","47135"
"G","47246"
"G","47529"
"G","47593"
"G","47608"
"G","47745"
"G","47747"
"G","47750"
"G","47767"
"G","47773"
"G","48023"
"G","48096"
"G","48176"
"G","48237"
"G","48375"
"G","48376"
"G","48395"
"G","48653"
"G","48727"
"G","48870"
"G","48949"
"G","48964"
"G","48989"
"G","48990"
"G","48994"
"G","48995"
"G","49044"
"G","49068"
"G","49073"
"G","49123"
"G","49124"
"G","49189"
"G","49190"
"G","49191"
"G","49193"
"G","49194"
"G","49200"
"G","49336"
"G","49337"
"G","49375"
"G","49381"
"G","49397"
"G","49766"
"G","49767"
"G","49808"
"G","49809"
"G","49875"
"G","49880"
"G","49945"
"G","49947"
"G","49948"
"G","49952"
"G","49970"
"G","49991"
"G","50084"
"G","50250"
"G","50273"
"G","50321"
"G","50324"
"G","50326"
"G","50375"
"G","50404"
"G","50415"
"G","50468"
"G","50488"
"G","50498"
"G","50509"
"G","50517"
"G","50518"
"G","50519"
"G","50547"
"G","50564"
"G","50566"
"G","50570"
"G","50581"
"G","50591"
"G","50646"
"G","50647"
"G","50670"
"G","50738"
"G","50740"
"G","50747"
"G","50764"
"G","50772"
"G","50800"
"G","50823"
"G","50854"
"G","50861"
"G","50864"
"G","50870"
"G","50872"
"G","50878"
"G","50879"
"G","50880"
"G","50885"
"G","50982"
"G","50983"
"G","50985"
"G","50986"
"G","50993"
"G","50994"
"G","50996"
"G","50998"
"G","50999"
"G","51000"
"G","51008"
"G","51009"
"G","51010"
"G","51011"
"G","51013"
"G","51021"
"G","51022"
"G","51023"
"G","51025"
"G","51027"
"G","51031"
"G","51032"
"G","51033"
"G","51035"
"G","51036"
"G","51037"
"G","51039"
"G","51041"
"G","51044"
"G","51045"
"G","51046"
"G","51047"
"G","51050"
"G","51068"
"G","51070"
"G","51084"
"G","51130"
"G","51180"
"G","51213"
"G","51216"
"G","51223"
"G","51228"
"G","51239"
"G","51285"
"G","51287"
"G","51305"
"G","51317"
"G","51322"
"G","51333"
"G","51334"
"G","51344"
"G","51379"
"G","51385"
"G","51405"
"G","51457"
"G","51491"
"G","51495"
"G","51500"
"G","51501"
"G","51502"
"G","51506"
"G","51508"
"G","51529"
"G","51541"
"G","51542"
"G","51558"
"G","51561"
"G","51562"
"G","51564"
"G","51565"
"G","51577"
"G","51578"
"G","51579"
"G","51580"
"G","51585"
"G","51621"
"G","51636"
"G","51653"
"G","51655"
"G","51664"
"G","51665"
"G","51666"
"G","51676"
"G","51681"
"G","51738"
"G","51745"
"G","51758"
"G","51760"
"G","51769"
"G","51777"
"G","51783"
"G","51793"
"G","51794"
"G","51804"
"G","51814"
"G","51822"
"G","51828"
"G","51831"
"G","51834"
"G","51836"
"G","51839"
"G","51841"
"G","51844"
"G","51849"
"G","51850"
"G","51853"
"G","51854"
"G","51883"
"G","51886"
"G","51895"
"G","51900"
"G","51924"
"G","51925"
"G","51928"
"G","51931"
"G","51933"
"G","51947"
"G","51957"
"G","51963"
"G","51970"
"G","51972"
"G","51974"
"G","51976"
"G","51977"
"G","51978"
"G","51989"
"G","51995"
"G","51996"
"G","51997"
"G","52004"
"G","52012"
"G","52023"
"G","52024"
"G","52047"
"G","52054"
"G","52057"
"G","52059"
"G","52063"
"G","52064"
"G","52115"
"G","52120"
"G","52124"
"G","52133"
"G","52145"
"G","52155"
"G","52157"
"G","52159"
"G","52167"
"G","52168"
"G","52169"
"G","52179"
"G","52182"
"G","52199"
"G","52237"
"G","52238"
"G","52244"
"G","52249"
"G","52250"
"G","52301"
"G","52306"
"G","52312"
"G","52344"
"G","52346"
"G","52348"
"G","52350"
"G","52353"
"G","52354"
"G","52356"
"G","52357"
"G","52358"
"G","52359"
"G","52361"
"G","52362"
"G","52363"
"G","52368"
"G","52369"
"G","52374"
"G","52379"
"G","52380"
"G","52382"
"G","52383"
"G","52384"
"G","52385"
"G","52387"
"G","52388"
"G","52391"
"G","52396"
"G","52405"
"G","52406"
"G","52411"
"G","52412"
"G","52415"
"G","52418"
"G","52432"
"G","52436"
"G","52437"
"G","52438"
"G","52454"
"G","52456"
"G","52459"
"G","52464"
"G","52476"
"G","52757"
"G","52763"
"G","52771"
"G","52773"
"G","52775"
"G","52778"
"G","52780"
"G","52782"
"G","52786"
"G","52792"
"G","52806"
"G","52849"
"G","52889"
"G","52893"
"G","52895"
"G","52896"
"G","52928"
"G","52929"
"G","52930"
"G","52941"
"G","52950"
"G","52953"
"G","52957"
"G","52968"
"G","52971"
"G","52982"
"G","53010"
"G","53012"
"G","53038"
"G","53040"
"G","53042"
"G","53078"
"G","53107"
"G","53108"
"G","53165"
"G","53189"
"G","53213"
"G","53217"
"G","53219"
"G","53223"
"G","53225"
"G","53226"
"G","53227"
"G","53228"
"G","53229"
"G","53230"
"G","53231"
"G","53233"
"G","53234"
"G","53235"
"G","53236"
"G","53237"
"G","53238"
"G","53240"
"G","53241"
"G","53242"
"G","53243"
"G","53244"
"G","53245"
"G","53246"
"G","53247"
"G","53248"
"G","53249"
"G","53250"
"G","53251"
"G","53252"
"G","53253"
"G","53254"
"G","53255"
"G","53256"
"G","53257"
"G","53258"
"G","53259"
"G","53260"
"G","53261"
"G","53262"
"G","53263"
"G","53264"
"G","53266"
"G","53270"
"G","53272"
"G","53273"
"G","53274"
"G","53277"
"G","53278"
"G","53279"
"G","53281"
"G","53282"
"G","53283"
"G","53284"
"G","53285"
"G","53286"
"G","53287"
"G","53288"
"G","53289"
"G","53290"
"G","53291"
"G","53292"
"G","53293"
"G","53296"
"G","53297"
"G","53298"
"G","53299"
"G","53300"
"G","53301"
"G","53302"
"G","53303"
"G","53304"
"G","53305"
"G","53308"
"G","53311"
"G","53312"
"G","53314"
"G","53315"
"G","53316"
"G","53317"
"G","53321"
"G","53322"
"G","53324"
"G","53325"
"G","53326"
"G","53327"
"G","53328"
"G","53329"
"G","53335"
"G","53344"
"G","53345"
"G","53346"
"G","53359"
"G","53360"
"G","53361"
"G","53362"
"G","53363"
"G","53364"
"G","53365"
"G","53366"
"G","53368"
"G","53457"
"G","53552"
"G","53606"
"G","53608"
"G","53609"
"G","53610"
"G","53627"
"G","53699"
"G","53713"
"G","53724"
"G","53784"
"G","53811"
"G","53859"
"G","53861"
"G","53862"
"G","53863"
"G","53864"
"G","53865"
"G","53917"
"G","53922"
"G","53923"
"G","53926"
"G","53928"
"G","53929"
"G","53933"
"G","53934"
"G","53935"
"G","53983"
"G","54014"
"G","54020"
"G","54119"
"G","54154"
"G","54166"
"G","54167"
"G","54170"
"G","54180"
"G","54237"
"G","54246"
"G","54281"
"G","54295"
"G","54331"
"G","54333"
"G","54334"
"G","54335"
"G","54336"
"G","54337"
"G","54338"
"G","54340"
"G","54341"
"G","54342"
"G","54343"
"G","54344"
"G","54345"
"G","54348"
"G","54350"
"G","54352"
"G","54354"
"G","54356"
"G","54359"
"G","54361"
"G","54364"
"G","54365"
"G","54367"
"G","54368"
"G","54369"
"G","54371"
"G","54372"
"G","54373"
"G","54374"
"G","54375"
"G","54376"
"G","54378"
"G","54379"
"G","54381"
"G","54382"
"G","54383"
"G","54384"
"G","54387"
"G","54388"
"G","54390"
"G","54391"
"G","54393"
"G","54394"
"G","54395"
"G","54434"
"G","54463"
"G","54465"
"G","54466"
"G","54468"
"G","54476"
"G","54479"
"G","54480"
"G","54482"
"G","54483"
"G","54514"
"G","54532"
"G","54554"
"G","54555"
"G","54578"
"G","54586"
"G","54587"
"G","54588"
"G","54589"
"G","54595"
"G","54596"
"G","54598"
"G","54600"
"G","54601"
"G","54603"
"G","54612"
"G","54644"
"G","54650"
"G","54652"
"G","54654"
"G","54655"
"G","54656"
"G","54657"
"G","54658"
"G","54659"
"G","54660"
"G","54661"
"G","54663"
"G","54665"
"G","54667"
"G","54668"
"G","54669"
"G","54671"
"G","54672"
"G","54677"
"G","54680"
"G","54694"
"G","54719"
"G","54736"
"G","54737"
"G","54739"
"G","54741"
"G","54742"
"G","54743"
"G","54744"
"G","54745"
"G","54746"
"G","54747"
"G","54749"
"G","54750"
"G","54795"
"G","54816"
"G","54818"
"G","54820"
"G","54822"
"G","54826"
"G","54857"
"G","54941"
"G","54943"
"G","54944"
"G","55002"
"G","55004"
"G","55008"
"G","55012"
"G","55014"
"G","55015"
"G","55016"
"G","55018"
"G","55019"
"G","55020"
"G","55021"
"G","55148"
"G","55378"
"G","55379"
"G","55383"
"G","55424"
"G","55765"
"G","55819"
"G","55825"
"G","55834"
"G","56007"
"G","56008"
"G","56009"
"G","56016"
"G","56017"
"G","56018"
"G","56022"
"G","56075"
"G","56176"
"G","56179"
"G","56322"
"G","56406"
"G","56411"
"G","56412"
"G","56750"
"G","56751"
"G","56761"
"G","56765"
"G","56833"
"G","56877"
"G","57023"
"G","57080"
"G","57130"
"G","57148"
"G","57149"
"G","57150"
"G","57151"
"G","57156"
"G","57217"
"G","57234"
"G","57274"
"G","57277"
"G","57308"
"G","57319"
"G","57377"
"G","57457"
"G","57720"
"G","57961"
"G","57962"
"G","58234"
"G","58258"
"G","58279"
"G","58442"
"G","58461"
"G","58463"
"G","58476"
"G","58481"
"G","58485"
"G","58596"
"G","58625"
"G","58664"
"G","58755"
"G","58756"
"G","58776"
"G","58801"
"G","59004"
"G","59772"
"G","59782"
"G","59783"
"G","59838"
"G","59839"
"G","59840"
"G","59847"
"G","59851"
"G","59863"
"G","59878"
"G","59905"
"G","59969"
"G","60099"
"G","60100"
"G","60101"
"G","60102"
"G","60103"
"G","60104"
"G","60105"
"G","60106"
"G","60107"
"G","60211"
"G","60249"
"G","60362"
"G","60474"
"G","60568"
"G","60726"
"G","60785"
"G","60825"
"G","60841"
"G","60955"
"G","60957"
"G","60960"
"G","61162"
"G","61163"
"G","61164"
"G","61265"
"G","61326"
"G","61327"
"G","61328"
"G","61353"
"G","61414"
"G","61433"
"G","61448"
"G","61496"
"G","61554"
"G","61555"
"G","61556"
"G","61565"
"G","61725"
"G","61731"
"G","62064"
"G","62112"
"G","62113"
"G","62117"
"G","62120"
"G","62121"
"G","62124"
"G","62125"
"G","62128"
"G","62129"
"G","62137"
"G","62139"
"G","62140"
"G","62143"
"G","62146"
"G","62165"
"G","62166"
"G","62262"
"G","62292"
"G","62293"
"G","62295"
"G","62365"
"G","62367"
"G","62373"
"G","62374"
"G","62386"
"G","62387"
"G","62394"
"G","62473"
"G","62484"
"G","62553"
"G","62584"
"G","62886"
"G","63061"
"G","63101"
"G","63197"
"G","63213"
"G","63455"
"G","63505"
"G","63621"
"G","63718"
"G","63719"
"G","63720"
"G","63721"
"G","63735"
"G","63778"
"G","63779"
"G","63781"
"G","63793"
"G","63827"
"G","63828"
"G","63829"
"G","63837"
"G","63840"
"G","63842"
"G","63846"
"G","63863"
"G","63864"
"G","63951"
"G","63952"
"G","63953"
"G","63969"
"G","63970"
"G","63973"
"G","63974"
"G","63989"
"G","64040"
"G","64065"
"G","64089"
"G","64129"
"G","64166"
"G","64235"
"G","64240"
"G","64271"
"G","64430"
"G","64517"
"G","64518"
"G","64546"
"G","64571"
"G","64787"
"G","64788"
"G","64789"
"G","64790"
"G","64791"
"G","64792"
"G","65053"
"G","65089"
"G","65115"
"G","65121"
"G","65123"
"G","65124"
"G","65126"
"G","65128"
"G","65129"
"G","65130"
"G","65131"
"G","65132"
"G","65134"
"G","65135"
"G","65136"
"G","65137"
"G","65138"
"G","65140"
"G","65141"
"G","65404"
"G","65408"
"G","65414"
"G","66076"
"G","66363"
"G","66364"
"G","66517"
"G","66614"
"G","66615"
"G","66616"
"G","66617"
"G","66618"
"G","66619"
"G","66693"
"G","66694"
"G","66695"
"G","66696"
"G","66833"
"G","66890"
"G","66896"
"G","66934"
"G","66935"
"G","66938"
"G","66941"
"G","66942"
"G","66944"
"G","66950"
"G","66952"
"G","66953"
"G","66989"
"G","67010"
"G","67012"
"G","67113"
"G","69940"
"G","69942"
"G","70015"
"G","70016"
"G","70037"
"G","70071"
"G","70111"
"G","70152"
"G","70234"
"G","70369"
"G","70410"
"G","70413"
"G","70417"
"G","70419"
"G","70431"
"G","70432"
"G","70433"
"G","70434"
"G","70435"
"G","70436"
"G","70502"
"G","70540"
"G","70549"
"G","70559"
"G","70564"
"G","70567"
"G","70586"
"G","70612"
"G","70614"
"G","70616"
"G","70618"
"G","70620"
"G","70636"
"G","70639"
"G","70660"
"G","70707"
"G","70782"
"G","70787"
"G","70951"
"G","71154"
"G","71160"
"G","71181"
"G","71205"
"G","72023"
"G","72024"
"G","72025"
"G","72026"
"G","72029"
"G","72032"
"G","72033"
"G","72034"
"G","72035"
"G","72036"
"G","72037"
"G","72039"
"G","72040"
"G","72041"
"G","72042"
"G","72043"
"G","72044"
"G","72045"
"G","72046"
"G","72047"
"G","72049"
"G","72131"
"G","72155"
"G","72156"
"G","72279"
"G","72280"
"G","72281"
"G","72282"
"G","72283"
"G","72284"
"G","72385"
"G","72386"
"G","72387"
"G","72388"
"G","72389"
"G","72390"
"G","72391"
"G","72393"
"G","72394"
"G","72395"
"G","72407"
"G","72423"
"G","72428"
"G","72438"
"G","72632"
"G","72633"
"G","72634"
"G","72635"
"G","72636"
"G","72637"
"G","72638"
"G","72639"
"G","72640"
"G","72641"
"G","72642"
"G","72643"
"G","72669"
"G","72671"
"G","72672"
"G","72673"
"G","72682"
"G","72685"
"G","72687"
"G","72689"
"G","72691"
"G","72692"
"G","72694"
"G","72695"
"G","72696"
"G","72697"
"G","72698"
"G","72701"
"G","72702"
"G","72703"
"G","72704"
"G","72761"
"G","72762"
"G","72763"
"G","72764"
"G","72765"
"G","72766"
"G","72767"
"G","72768"
"G","72770"
"G","72771"
"G","72772"
"G","72875"
"G","73080"
"G","73189"
"G","73715"
"G","74431"
"G","74432"
"G","74526"
"G","74755"
"G","74955"
"G","75148"
"G","75150"
"G","75286"
"G","75288"
"G","75354"
"G","75362"
"G","75363"
"G","75368"
"G","75369"
"G","75426"
"G","75427"
"G","75428"
"G","75525"
"G","75569"
"G","75575"
"G","75600"
"G","75602"
"G","75608"
"G","75682"
"G","75971"
"G","76024"
"G","76076"
"G","76161"
"G","76201"
"G","76271"
"G","76274"
"G","76284"
"G","76287"
"G","76288"
"G","76429"
"G","77362"
"G","77424"
"G","77485"
"G","77488"
"G","77988"
"G","78272"
"G","78380"
"G","78565"
"G","78579"
"G","78580"
"G","78581"
"G","78582"
"G","78583"
"G","78584"
"G","78585"
"G","78586"
"G","78587"
"G","78588"
"G","78645"
"G","78664"
"G","78674"
"G","78724"
"G","78726"
"G","78727"
"G","78789"
"G","78894"
"G","78974"
"G","78979"
"G","78986"
"G","78987"
"G","78988"
"G","78989"
"G","78992"
"G","78993"
"G","79085"
"G","79087"
"G","79246"
"G","79249"
"G","79379"
"G","79381"
"G","79382"
"G","79432"
"G","79433"
"G","79434"
"G","79435"
"G","79437"
"G","79438"
"G","79440"
"G","79722"
"G","79960"
"G","80012"
"G","80013"
"G","80015"
"G","80016"
"G","80017"
"G","80018"
"G","80081"
"G","80184"
"G","80185"
"G","80186"
"G","80187"
"G","80188"
"G","80189"
"G","80196"
"G","80197"
"G","80208"
"G","80320"
"G","80349"
"G","80380"
"G","80397"
"G","80426"
"G","80427"
"G","80429"
"G","80430"
"G","80431"
"G","80433"
"G","80438"
"G","80439"
"G","80441"
"G","80442"
"G","80443"
"G","80444"
"G","81471"
"G","81564"
"G","81565"
"G","81620"
"G","81647"
"G","81650"
"G","81710"
"G","81748"
"G","81749"
"G","81750"
"G","81793"
"G","81794"
"G","81795"
"G","81796"
"G","81813"
"G","81823"
"G","81827"
"G","81984"
"G","82238"
"G","82244"
"G","82256"
"G","82259"
"G","82333"
"G","82344"
"G","82346"
"G","82349"
"G","82356"
"G","82358"
"G","82361"
"G","82362"
"G","82363"
"G","82369"
"G","82370"
"G","82373"
"G","82375"
"G","82377"
"G","82378"
"G","82382"
"G","82383"
"G","82385"
"G","82390"
"G","82394"
"G","82398"
"G","82400"
"G","82403"
"G","82406"
"G","82418"
"G","82431"
"G","82433"
"G","82434"
"G","82435"
"G","82440"
"G","82443"
"G","82444"
"G","82454"
"G","82470"
"G","82481"
"G","82523"
"G","82524"
"G","82533"
"G","82580"
"G","82584"
"G","82650"
"G","82778"
"G","82916"
"G","82970"
"G","82993"
"G","83043"
"G","83046"
"G","83098"
"G","83102"
"G","83104"
"G","83105"
"G","83274"
"G","83345"
"G","83347"
"G","83357"
"G","83358"
"G","83359"
"G","83360"
"G","83362"
"G","83363"
"G","83364"
"G","83365"
"G","83366"
"G","83521"
"G","83531"
"G","83532"
"G","83715"
"G","83750"
"G","83776"
"G","84086"
"G","84409"
"G","84429"
"G","84559"
"G","84776"
"G","84832"
"G","84914"
"G","84979"
"G","84982"
"G","84983"
"G","84984"
"G","85553"
"G","85816"
"G","85817"
"G","85819"
"G","85820"
"G","85821"
"G","85823"
"G","85824"
"G","85825"
"G","85944"
"G","86701"
"G","86702"
"G","86704"
"G","86731"
"G","86853"
"G","86937"
"G","86938"
"G","86939"
"G","86941"
"G","86945"
"G","86948"
"G","86951"
"G","86957"
"G","86959"
"G","88707"
"G","88805"
"G","89056"
"G","89057"
"G","89192"
"G","89238"
"G","89297"
"G","89321"
"G","89322"
"G","89404"
"G","89405"
"G","89406"
"G","89407"
"G","89408"
"G","89409"
"G","89411"
"G","89412"
"G","89413"
"G","89414"
"G","89415"
"G","89416"
"G","89417"
"G","89418"
"G","89483"
"G","90557"
"G","90631"
"G","90632"
"G","90633"
"G","90635"
"G","90636"
"G","90637"
"G","90659"
"G","90660"
"G","90661"
"G","90665"
"G","90671"
"G","90754"
"G","90755"
"G","90781"
"G","90892"
"G","90901"
"G","90965"
"G","90971"
"G","91061"
"G","91141"
"G","91143"
"G","91582"
"G","91613"
"G","91614"
"G","91615"
"G","91616"
"G","91619"
"G","91620"
"G","91621"
"G","91639"
"G","91721"
"G","91722"
"G","91727"
"G","91728"
"G","91757"
"G","91759"
"G","91776"
"G","91778"
"G","91779"
"G","91785"
"G","91789"
"G","91790"
"G","91791"
"G","91792"
"G","91793"
"G","91803"
"G","91821"
"G","91844"
"G","91845"
"G","91846"
"G","91865"
"G","91866"
"G","91867"
"G","91869"
"G","91955"
"G","92085"
"G","92104"
"G","92121"
"G","92153"
"G","92184"
"G","92330"
"G","92455"
"G","92649"
"G","92652"
"G","92735"
"G","92855"
"G","93046"
"G","93425"
"G","93438"
"G","93452"
"G","93577"
"G","93581"
"G","93641"
"G","93700"
"G","93702"
"G","93708"
"G","93709"
"G","93710"
"G","93714"
"G","93891"
"G","94010"
"G","94450"
"G","94451"
"G","94452"
"G","94453"
"G","94850"
"G","94932"
"G","95406"
