"Kind","Quest","Other","Decision","Reason"
"breadcrumb: TrinityCore disagrees","6607","6608","KEEP","Reviewed with the user 2026-10-06: kept. TrinityCore lists only 213 breadcrumbs, none for the zones Cataclysm remade or anything later, so its silence proves little."
"breadcrumb: TrinityCore disagrees","9634","9625","KEEP","Reviewed with the user 2026-10-06: kept. TrinityCore lists only 213 breadcrumbs, none for the zones Cataclysm remade or anything later, so its silence proves little."
"breadcrumb: TrinityCore disagrees","10288","10119","KEEP","Reviewed with the user 2026-10-06: kept. TrinityCore lists only 213 breadcrumbs, none for the zones Cataclysm remade or anything later, so its silence proves little."
"breadcrumb: TrinityCore disagrees","10288","28708","KEEP","Reviewed with the user 2026-10-06: kept. TrinityCore lists only 213 breadcrumbs, none for the zones Cataclysm remade or anything later, so its silence proves little."
"breadcrumb: TrinityCore disagrees","10458","10680","KEEP","Reviewed with the user 2026-10-06: kept. TrinityCore lists only 213 breadcrumbs, none for the zones Cataclysm remade or anything later, so its silence proves little."
"breadcrumb: TrinityCore disagrees","10458","10681","KEEP","Reviewed with the user 2026-10-06: kept. TrinityCore lists only 213 breadcrumbs, none for the zones Cataclysm remade or anything later, so its silence proves little."
"breadcrumb: TrinityCore disagrees","11448","11478","KEEP","Reviewed with the user 2026-10-06: kept. TrinityCore lists only 213 breadcrumbs, none for the zones Cataclysm remade or anything later, so its silence proves little."
"breadcrumb: TrinityCore disagrees","11571","11702","KEEP","Reviewed with the user 2026-10-06: kept. TrinityCore lists only 213 breadcrumbs, none for the zones Cataclysm remade or anything later, so its silence proves little."
"breadcrumb: TrinityCore disagrees","11571","11704","KEEP","Reviewed with the user 2026-10-06: kept. TrinityCore lists only 213 breadcrumbs, none for the zones Cataclysm remade or anything later, so its silence proves little."
"breadcrumb: TrinityCore disagrees","14066","13991","KEEP","Reviewed with the user 2026-10-06: kept. TrinityCore lists only 213 breadcrumbs, none for the zones Cataclysm remade or anything later, so its silence proves little."
"breadcrumb: TrinityCore disagrees","14339","14338","KEEP","Reviewed with the user 2026-10-06: kept. TrinityCore lists only 213 breadcrumbs, none for the zones Cataclysm remade or anything later, so its silence proves little."
"breadcrumb: TrinityCore disagrees","24921","25191","KEEP","Reviewed with the user 2026-10-06: kept. TrinityCore lists only 213 breadcrumbs, none for the zones Cataclysm remade or anything later, so its silence proves little."
"breadcrumb: TrinityCore disagrees","24921","28551","KEEP","Reviewed with the user 2026-10-06: kept. TrinityCore lists only 213 breadcrumbs, none for the zones Cataclysm remade or anything later, so its silence proves little."
"breadcrumb: TrinityCore disagrees","24961","28651","KEEP","Reviewed with the user 2026-10-06: kept. TrinityCore lists only 213 breadcrumbs, none for the zones Cataclysm remade or anything later, so its silence proves little."
"breadcrumb: TrinityCore disagrees","25197","25191","KEEP","Reviewed with the user 2026-10-06: kept. TrinityCore lists only 213 breadcrumbs, none for the zones Cataclysm remade or anything later, so its silence proves little."
"breadcrumb: TrinityCore disagrees","25197","28551","KEEP","Reviewed with the user 2026-10-06: kept. TrinityCore lists only 213 breadcrumbs, none for the zones Cataclysm remade or anything later, so its silence proves little."
"breadcrumb: TrinityCore disagrees","25394","25447","KEEP","Reviewed with the user 2026-10-06: kept. TrinityCore lists only 213 breadcrumbs, none for the zones Cataclysm remade or anything later, so its silence proves little."
"breadcrumb: TrinityCore disagrees","25721","25770","KEEP","Reviewed with the user 2026-10-06: kept. TrinityCore lists only 213 breadcrumbs, none for the zones Cataclysm remade or anything later, so its silence proves little."
"breadcrumb: TrinityCore disagrees","25780","25777","KEEP","Reviewed with the user 2026-10-06: kept. TrinityCore lists only 213 breadcrumbs, none for the zones Cataclysm remade or anything later, so its silence proves little."
"breadcrumb: TrinityCore disagrees","25938","28531","KEEP","Reviewed with the user 2026-10-06: kept. TrinityCore lists only 213 breadcrumbs, none for the zones Cataclysm remade or anything later, so its silence proves little."
"breadcrumb: TrinityCore disagrees","25999","25945","KEEP","Reviewed with the user 2026-10-06: kept. TrinityCore lists only 213 breadcrumbs, none for the zones Cataclysm remade or anything later, so its silence proves little."
"breadcrumb: TrinityCore disagrees","26065","26056","KEEP","Reviewed with the user 2026-10-06: kept. TrinityCore lists only 213 breadcrumbs, none for the zones Cataclysm remade or anything later, so its silence proves little."
"breadcrumb: TrinityCore disagrees","26065","26057","KEEP","Reviewed with the user 2026-10-06: kept. TrinityCore lists only 213 breadcrumbs, none for the zones Cataclysm remade or anything later, so its silence proves little."
"breadcrumb: TrinityCore disagrees","26306","26432","KEEP","Reviewed with the user 2026-10-06: kept. TrinityCore lists only 213 breadcrumbs, none for the zones Cataclysm remade or anything later, so its silence proves little."
"breadcrumb: TrinityCore disagrees","26465","13617","KEEP","Reviewed with the user 2026-10-06: kept. TrinityCore lists only 213 breadcrumbs, none for the zones Cataclysm remade or anything later, so its silence proves little."
"breadcrumb: TrinityCore disagrees","26842","26176","KEEP","Reviewed with the user 2026-10-06: kept. TrinityCore lists only 213 breadcrumbs, none for the zones Cataclysm remade or anything later, so its silence proves little."
"breadcrumb: TrinityCore disagrees","26965","26964","KEEP","Reviewed with the user 2026-10-06: kept. TrinityCore lists only 213 breadcrumbs, none for the zones Cataclysm remade or anything later, so its silence proves little."
"breadcrumb: TrinityCore disagrees","26965","28568","KEEP","Reviewed with the user 2026-10-06: kept. TrinityCore lists only 213 breadcrumbs, none for the zones Cataclysm remade or anything later, so its silence proves little."
"breadcrumb: TrinityCore disagrees","27343","27265","KEEP","Reviewed with the user 2026-10-06: kept. TrinityCore lists only 213 breadcrumbs, none for the zones Cataclysm remade or anything later, so its silence proves little."
"breadcrumb: TrinityCore disagrees","27400","27277","KEEP","Reviewed with the user 2026-10-06: kept. TrinityCore lists only 213 breadcrumbs, none for the zones Cataclysm remade or anything later, so its silence proves little."
"breadcrumb: TrinityCore disagrees","27587","28569","KEEP","Reviewed with the user 2026-10-06: kept. TrinityCore lists only 213 breadcrumbs, none for the zones Cataclysm remade or anything later, so its silence proves little."
"breadcrumb: TrinityCore disagrees","27587","28570","KEEP","Reviewed with the user 2026-10-06: kept. TrinityCore lists only 213 breadcrumbs, none for the zones Cataclysm remade or anything later, so its silence proves little."
"breadcrumb: TrinityCore disagrees","27587","28675","KEEP","Reviewed with the user 2026-10-06: kept. TrinityCore lists only 213 breadcrumbs, none for the zones Cataclysm remade or anything later, so its silence proves little."
"breadcrumb: TrinityCore disagrees","27587","28677","KEEP","Reviewed with the user 2026-10-06: kept. TrinityCore lists only 213 breadcrumbs, none for the zones Cataclysm remade or anything later, so its silence proves little."
"breadcrumb: TrinityCore disagrees","27774","27763","KEEP","Reviewed with the user 2026-10-06: kept. TrinityCore lists only 213 breadcrumbs, none for the zones Cataclysm remade or anything later, so its silence proves little."
"breadcrumb: TrinityCore disagrees","27774","28579","KEEP","Reviewed with the user 2026-10-06: kept. TrinityCore lists only 213 breadcrumbs, none for the zones Cataclysm remade or anything later, so its silence proves little."
"breadcrumb: TrinityCore disagrees","27774","28580","KEEP","Reviewed with the user 2026-10-06: kept. TrinityCore lists only 213 breadcrumbs, none for the zones Cataclysm remade or anything later, so its silence proves little."
"breadcrumb: TrinityCore disagrees","28295","28292","KEEP","Reviewed with the user 2026-10-06: kept. TrinityCore lists only 213 breadcrumbs, none for the zones Cataclysm remade or anything later, so its silence proves little."
"breadcrumb: TrinityCore disagrees","28405","28268","KEEP","Reviewed with the user 2026-10-06: kept. TrinityCore lists only 213 breadcrumbs, none for the zones Cataclysm remade or anything later, so its silence proves little."
"breadcrumb: TrinityCore disagrees","28458","28300","KEEP","Reviewed with the user 2026-10-06: kept. TrinityCore lists only 213 breadcrumbs, none for the zones Cataclysm remade or anything later, so its silence proves little."
"breadcrumb: TrinityCore disagrees","28466","28302","KEEP","Reviewed with the user 2026-10-06: kept. TrinityCore lists only 213 breadcrumbs, none for the zones Cataclysm remade or anything later, so its silence proves little."
"breadcrumb: TrinityCore disagrees","28531","25938","KEEP","Reviewed with the user 2026-10-06: kept. TrinityCore lists only 213 breadcrumbs, none for the zones Cataclysm remade or anything later, so its silence proves little."
"breadcrumb: TrinityCore disagrees","39390","39566","KEEP","Reviewed with the user 2026-10-06: kept. TrinityCore lists only 213 breadcrumbs, none for the zones Cataclysm remade or anything later, so its silence proves little."
"exclusive: TrinityCore disagrees","9280","9369","KEEP","Reviewed with the user 2026-10-06: kept. TrinityCore's groups aren't reliable: it also groups quests one character can do all of."
"exclusive: TrinityCore disagrees","9369","9280","KEEP","Reviewed with the user 2026-10-06: kept. TrinityCore's groups aren't reliable: it also groups quests one character can do all of."
"exclusive: TrinityCore disagrees","9407","10119","KEEP","Reviewed with the user 2026-10-06: kept. TrinityCore's groups aren't reliable: it also groups quests one character can do all of."
"exclusive: TrinityCore disagrees","9407","28708","KEEP","Reviewed with the user 2026-10-06: kept. TrinityCore's groups aren't reliable: it also groups quests one character can do all of."
"exclusive: TrinityCore disagrees","9672","9751","KEEP","Reviewed with the user 2026-10-06: kept. TrinityCore's groups aren't reliable: it also groups quests one character can do all of."
"exclusive: TrinityCore disagrees","9751","9672","KEEP","Reviewed with the user 2026-10-06: kept. TrinityCore's groups aren't reliable: it also groups quests one character can do all of."
"exclusive: TrinityCore disagrees","9813","9626","KEEP","Reviewed with the user 2026-10-06: kept. TrinityCore's groups aren't reliable: it also groups quests one character can do all of."
"exclusive: TrinityCore disagrees","10119","28705","KEEP","Reviewed with the user 2026-10-06: kept. TrinityCore's groups aren't reliable: it also groups quests one character can do all of."
"exclusive: TrinityCore disagrees","10119","9407","KEEP","Reviewed with the user 2026-10-06: kept. TrinityCore's groups aren't reliable: it also groups quests one character can do all of."
"exclusive: TrinityCore disagrees","25073","25133","KEEP","Reviewed with the user 2026-10-06: kept. TrinityCore's groups aren't reliable: it also groups quests one character can do all of."
"exclusive: TrinityCore disagrees","25133","25073","KEEP","Reviewed with the user 2026-10-06: kept. TrinityCore's groups aren't reliable: it also groups quests one character can do all of."
"exclusive: TrinityCore disagrees","25938","28531","KEEP","Reviewed with the user 2026-10-06: kept. TrinityCore's groups aren't reliable: it also groups quests one character can do all of."
"exclusive: TrinityCore disagrees","28531","25938","KEEP","Reviewed with the user 2026-10-06: kept. TrinityCore's groups aren't reliable: it also groups quests one character can do all of."
"exclusive: TrinityCore disagrees","28549","28550","KEEP","Reviewed with the user 2026-10-06: kept. TrinityCore's groups aren't reliable: it also groups quests one character can do all of."
"exclusive: TrinityCore disagrees","28549","28551","KEEP","Reviewed with the user 2026-10-06: kept. TrinityCore's groups aren't reliable: it also groups quests one character can do all of."
"exclusive: TrinityCore disagrees","28550","28549","KEEP","Reviewed with the user 2026-10-06: kept. TrinityCore's groups aren't reliable: it also groups quests one character can do all of."
"exclusive: TrinityCore disagrees","28550","28551","KEEP","Reviewed with the user 2026-10-06: kept. TrinityCore's groups aren't reliable: it also groups quests one character can do all of."
"exclusive: TrinityCore disagrees","28551","28549","KEEP","Reviewed with the user 2026-10-06: kept. TrinityCore's groups aren't reliable: it also groups quests one character can do all of."
"exclusive: TrinityCore disagrees","28551","28550","KEEP","Reviewed with the user 2026-10-06: kept. TrinityCore's groups aren't reliable: it also groups quests one character can do all of."
"exclusive: TrinityCore disagrees","28705","10119","KEEP","Reviewed with the user 2026-10-06: kept. TrinityCore's groups aren't reliable: it also groups quests one character can do all of."
"exclusive: TrinityCore disagrees","28705","28708","KEEP","Reviewed with the user 2026-10-06: kept. TrinityCore's groups aren't reliable: it also groups quests one character can do all of."
"exclusive: TrinityCore disagrees","28708","28705","KEEP","Reviewed with the user 2026-10-06: kept. TrinityCore's groups aren't reliable: it also groups quests one character can do all of."
"exclusive: TrinityCore disagrees","28708","9407","KEEP","Reviewed with the user 2026-10-06: kept. TrinityCore's groups aren't reliable: it also groups quests one character can do all of."
"exclusive: TrinityCore disagrees","29387","29391","KEEP","Reviewed with the user 2026-10-06: kept. TrinityCore's groups aren't reliable: it also groups quests one character can do all of."
"exclusive: TrinityCore disagrees","29391","29387","KEEP","Reviewed with the user 2026-10-06: kept. TrinityCore's groups aren't reliable: it also groups quests one character can do all of."
"exclusive: TrinityCore disagrees","30744","30825","KEEP","Reviewed with the user 2026-10-06: kept. TrinityCore's groups aren't reliable: it also groups quests one character can do all of."
"exclusive: TrinityCore disagrees","30825","30744","KEEP","Reviewed with the user 2026-10-06: kept. TrinityCore's groups aren't reliable: it also groups quests one character can do all of."
"exclusive: TrinityCore disagrees","31087","31679","KEEP","Reviewed with the user 2026-10-06: kept. TrinityCore's groups aren't reliable: it also groups quests one character can do all of."
"exclusive: TrinityCore disagrees","31089","31682","KEEP","Reviewed with the user 2026-10-06: kept. TrinityCore's groups aren't reliable: it also groups quests one character can do all of."
"exclusive: TrinityCore disagrees","31679","31087","KEEP","Reviewed with the user 2026-10-06: kept. TrinityCore's groups aren't reliable: it also groups quests one character can do all of."
"exclusive: TrinityCore disagrees","31682","31089","KEEP","Reviewed with the user 2026-10-06: kept. TrinityCore's groups aren't reliable: it also groups quests one character can do all of."
"prereq: other faction","38561","38416","KEEP","Reviewed with the user 2026-10-06: kept. Blizzard's own list names the other faction's quest, and the addon counts a quest this character can't take as met."
"prereq: other faction","90551","90549","KEEP","Reviewed with the user 2026-10-06: kept. Blizzard's own list names the other faction's quest, and the addon counts a quest this character can't take as met."
"prereq: quest not in the data","29117","54130","KEEP","Reviewed with the user 2026-10-06: kept. The game knows the quest even though our data lacks it, and the tooltip names it from the server."
"prereq: quest not in the data","29119","54130","KEEP","Reviewed with the user 2026-10-06: kept. The game knows the quest even though our data lacks it, and the tooltip names it from the server."
"prereq: quest not in the data","30492","30490","KEEP","Reviewed with the user 2026-10-06: kept. The game knows the quest even though our data lacks it, and the tooltip names it from the server."
"prereq: quest not in the data","62727","59174","KEEP","Reviewed with the user 2026-10-06: kept. The game knows the quest even though our data lacks it, and the tooltip names it from the server."
"prereq: quest not in the data","90573","89285","KEEP","Reviewed with the user 2026-10-06: kept. The game knows the quest even though our data lacks it, and the tooltip names it from the server."
"prereq: quest not in the data","91798","91799","KEEP","Reviewed with the user 2026-10-06: kept. The game knows the quest even though our data lacks it, and the tooltip names it from the server."
"prereq: recurring quest","59520","57301","KEEP","Reviewed with the user 2026-10-06: kept. The map shows the quest in weeks the recurring one is done, which is likely how Blizzard gates it."
"prereq: recurring quest","65034","65033","KEEP","Reviewed with the user 2026-10-06: kept. The map shows the quest in weeks the recurring one is done, which is likely how Blizzard gates it."
"prereq: recurring quest","65165","61983","KEEP","Reviewed with the user 2026-10-06: kept. The map shows the quest in weeks the recurring one is done, which is likely how Blizzard gates it."
"prereq: recurring quest","66110","71144","KEEP","Reviewed with the user 2026-10-06: kept. The map shows the quest in weeks the recurring one is done, which is likely how Blizzard gates it."
"prereq: recurring quest","67053","71026","KEEP","Reviewed with the user 2026-10-06: kept. The map shows the quest in weeks the recurring one is done, which is likely how Blizzard gates it."
"prereq: recurring quest","69944","69925","KEEP","Reviewed with the user 2026-10-06: kept. The map shows the quest in weeks the recurring one is done, which is likely how Blizzard gates it."
"prereq: recurring quest","70050","70049","KEEP","Reviewed with the user 2026-10-06: kept. The map shows the quest in weeks the recurring one is done, which is likely how Blizzard gates it."
"prereq: recurring quest","70966","72292","KEEP","Reviewed with the user 2026-10-06: kept. The map shows the quest in weeks the recurring one is done, which is likely how Blizzard gates it."
"prereq: recurring quest","72584","72291","KEEP","Reviewed with the user 2026-10-06: kept. The map shows the quest in weeks the recurring one is done, which is likely how Blizzard gates it."
"prereq: recurring quest","82707","82706","KEEP","Reviewed with the user 2026-10-06: kept. The map shows the quest in weeks the recurring one is done, which is likely how Blizzard gates it."
"prereq: recurring quest","83530","83529","KEEP","Reviewed with the user 2026-10-06: kept. The map shows the quest in weeks the recurring one is done, which is likely how Blizzard gates it."
"prereq: recurring quest","85470","89221","KEEP","Reviewed with the user 2026-10-06: kept. The map shows the quest in weeks the recurring one is done, which is likely how Blizzard gates it."
"prereq: recurring quest","85721","89212","KEEP","Reviewed with the user 2026-10-06: kept. The map shows the quest in weeks the recurring one is done, which is likely how Blizzard gates it."
"prereq: recurring quest","87419","82679","KEEP","Reviewed with the user 2026-10-06: kept. The map shows the quest in weeks the recurring one is done, which is likely how Blizzard gates it."
"prereq: recurring quest","87423","82452","KEEP","Reviewed with the user 2026-10-06: kept. The map shows the quest in weeks the recurring one is done, which is likely how Blizzard gates it."
"prereq: recurring quest","87424","82511","KEEP","Reviewed with the user 2026-10-06: kept. The map shows the quest in weeks the recurring one is done, which is likely how Blizzard gates it."
"prereq: recurring quest","88659","89198","KEEP","Reviewed with the user 2026-10-06: kept. The map shows the quest in weeks the recurring one is done, which is likely how Blizzard gates it."
"prereq: recurring quest","89192","89254","KEEP","Reviewed with the user 2026-10-06: kept. The map shows the quest in weeks the recurring one is done, which is likely how Blizzard gates it."
"prereq: recurring quest","89195","89210","KEEP","Reviewed with the user 2026-10-06: kept. The map shows the quest in weeks the recurring one is done, which is likely how Blizzard gates it."
"prereq: recurring quest","89197","88981","KEEP","Reviewed with the user 2026-10-06: kept. The map shows the quest in weeks the recurring one is done, which is likely how Blizzard gates it."
"prereq: recurring quest","89238","89213","KEEP","Reviewed with the user 2026-10-06: kept. The map shows the quest in weeks the recurring one is done, which is likely how Blizzard gates it."
"prereq: recurring quest","89502","82495","KEEP","Reviewed with the user 2026-10-06: kept. The map shows the quest in weeks the recurring one is done, which is likely how Blizzard gates it."
"prereq: recurring quest","89514","82510","KEEP","Reviewed with the user 2026-10-06: kept. The map shows the quest in weeks the recurring one is done, which is likely how Blizzard gates it."
"prereq: recurring quest","91302","89507","KEEP","Reviewed with the user 2026-10-06: kept. The map shows the quest in weeks the recurring one is done, which is likely how Blizzard gates it."
"prereq: recurring quest","91855","82488","KEEP","Reviewed with the user 2026-10-06: kept. The map shows the quest in weeks the recurring one is done, which is likely how Blizzard gates it."
"prereq: recurring quest","92563","91437","KEEP","Reviewed with the user 2026-10-06: kept. The map shows the quest in weeks the recurring one is done, which is likely how Blizzard gates it."
"prereq: TrinityCore differs","55965","55882","KEEP","Reviewed with the user 2026-10-06: kept. Ours fits Blizzard's storyline at least as well as TrinityCore's previous quest."
"prereq: TrinityCore differs","57677","57676","KEEP","Reviewed with the user 2026-10-06: kept. Ours fits Blizzard's storyline at least as well as TrinityCore's previous quest."
"prereq: TrinityCore differs","59934","59933","KEEP","Reviewed with the user 2026-10-06: kept. Ours fits Blizzard's storyline at least as well as TrinityCore's previous quest."
"prereq: TrinityCore differs","59948","59947","KEEP","Reviewed with the user 2026-10-06: kept. Ours fits Blizzard's storyline at least as well as TrinityCore's previous quest."
"prereq: TrinityCore differs","59950","85679","KEEP","Reviewed with the user 2026-10-06: kept. Ours fits Blizzard's storyline at least as well as TrinityCore's previous quest."
"prereq: TrinityCore differs","63979","63977","KEEP","Reviewed with the user 2026-10-06: kept. Ours fits Blizzard's storyline at least as well as TrinityCore's previous quest."
"prereq: TrinityCore differs","72240","66589","KEEP","Reviewed with the user 2026-10-06: kept. Ours fits Blizzard's storyline at least as well as TrinityCore's previous quest."
"prereq: TrinityCore differs","75189","14286","KEEP","Reviewed with the user 2026-10-06: kept. Ours fits Blizzard's storyline at least as well as TrinityCore's previous quest."
"prereq: TrinityCore differs","82798","82799","KEEP","Reviewed with the user 2026-10-06: kept. Ours fits Blizzard's storyline at least as well as TrinityCore's previous quest."
"prereq: TrinityCore differs","85001","84998","KEEP","Reviewed with the user 2026-10-06: kept. Ours fits Blizzard's storyline at least as well as TrinityCore's previous quest."
"prereq: TrinityCore differs","87338","87339","KEEP","Reviewed with the user 2026-10-06: kept. Ours fits Blizzard's storyline at least as well as TrinityCore's previous quest."
"prereq: TrinityCore differs","87339","87340","KEEP","Reviewed with the user 2026-10-06: kept. Ours fits Blizzard's storyline at least as well as TrinityCore's previous quest."
