"Game","Role","Kind","Npc","Name","Map","X","Y","Quest","Item","StartKind","FirstBuild","LastBuild","Src"
"forever","giver","Creature","2930","Sentinel Glynda Nal'Shea","","","","","","","70205","70205","own-forever_probe_70205=1;own-forever_probe_70245=1;own-forever_probe_70291=1;own-forever_probe_70338=1"
"forever","giver","Creature","3583","Barithras Moonshade","","","","","","","70205","70205","own-forever_probe_70205=1;own-forever_probe_70245=1;own-forever_probe_70291=1;own-forever_probe_70338=1"
"forever","giver","Creature","3644","Cerellean Whiteclaw","","","","","","","70205","70205","own-forever_probe_70205=1;own-forever_probe_70245=1;own-forever_probe_70291=1;own-forever_probe_70338=1"
"forever","giver","Creature","3649","Thundris Windweaver","","","","","","","70205","70205","own-forever_probe_70205=1;own-forever_probe_70245=1;own-forever_probe_70291=1;own-forever_probe_70338=1"
"forever","giver","Creature","3666","Wizbang Cranktoggle","","","","","","","70205","70245","own-forever_probe_70205=1;own-forever_probe_70245=1;own-forever_probe_70291=1;own-forever_probe_70338=1"
"forever","giver","Creature","3693","Terenthis","","","","","","","70205","70205","own-forever_probe_70205=1;own-forever_probe_70245=1;own-forever_probe_70291=1;own-forever_probe_70338=1"
"forever","giver","Creature","3701","Tharnariun Treetender","","","","","","","70205","70205","own-forever_probe_70205=1;own-forever_probe_70245=1;own-forever_probe_70291=1;own-forever_probe_70338=1"
"forever","giver","Creature","3702","Alanndarian Nightsong","","","","","","","70205","70205","own-forever_probe_70205=1;own-forever_probe_70245=1;own-forever_probe_70291=1;own-forever_probe_70338=1"
"forever","giver","Creature","10118","Nessa Shadowsong","","","","","","","70235","70235","own-forever_probe_70245=1;own-forever_probe_70291=1;own-forever_probe_70338=1"
"forever","giver","Creature","10216","Gubber Blump","","","","","","","70291","70291","own-forever_probe_70291=1;own-forever_probe_70338=1"
"forever","giver","Creature","10219","Gwennyth Bly'Leggonde","","","","","","","70291","70291","own-forever_probe_70291=1;own-forever_probe_70338=1"
"forever","giver","Creature","251361","Rorian the Dayseeker","","","","","","","70205","70205","own-forever_probe_70205=1;own-forever_probe_70245=1;own-forever_probe_70291=1;own-forever_probe_70338=1"
"forever","giver","Creature","251362","Ailee Farheart","","","","","","","70205","70205","own-forever_probe_70205=1;own-forever_probe_70245=1;own-forever_probe_70291=1;own-forever_probe_70338=1"
"forever","giver","Creature","251363","Dalia the Collector","","","","","","","70205","70205","own-forever_probe_70205=1;own-forever_probe_70245=1;own-forever_probe_70291=1;own-forever_probe_70338=1"
"forever","giver","Creature","251368","Elatrell Featherlight","","","","","","","70205","70205","own-forever_probe_70205=1;own-forever_probe_70245=1;own-forever_probe_70291=1;own-forever_probe_70338=1"
"forever","giver","Creature","251371","Falorne Fallwind","","","","","","","70205","70205","own-forever_probe_70205=1;own-forever_probe_70245=1;own-forever_probe_70291=1;own-forever_probe_70338=1"
"forever","giver","Creature","251389","Akeri Duskblade","","","","","","","70205","70205","own-forever_probe_70205=1;own-forever_probe_70245=1;own-forever_probe_70291=1;own-forever_probe_70338=1"
"forever","giver","Creature","257554","Halaan Hawk-Eye","","","","","","","70205","70205","own-forever_probe_70205=1;own-forever_probe_70245=1;own-forever_probe_70291=1;own-forever_probe_70338=1"
"forever","giver","Creature","263113","Myriaal Mistwake","","","","","","","70205","70205","own-forever_probe_70205=1;own-forever_probe_70245=1;own-forever_probe_70291=1;own-forever_probe_70338=1"
"forever","giver","GameObject","17182","Buzzbox 827","","","","","","","70291","70291","own-forever_probe_70291=1;own-forever_probe_70338=1"
"forever","giver","GameObject","175320","WANTED: Murkdeep!","","","","","","","70205","70205","own-forever_probe_70205=1;own-forever_probe_70245=1;own-forever_probe_70291=1;own-forever_probe_70338=1"
"forever","spot","Creature","2930","","1439","37.7","43.5","","","","70205","70205","own-forever_probe_70205=1;own-forever_probe_70245=1;own-forever_probe_70291=1;own-forever_probe_70338=1"
"forever","spot","Creature","3583","","1439","37.3","43.7","","","","70205","70205","own-forever_probe_70205=1;own-forever_probe_70245=1;own-forever_probe_70291=1;own-forever_probe_70338=1"
"forever","spot","Creature","3644","","1439","35.8","43.7","","","","70205","70205","own-forever_probe_70205=1;own-forever_probe_70245=1;own-forever_probe_70291=1;own-forever_probe_70338=1"
"forever","spot","Creature","3649","","1439","37.4","40.2","","","","70205","70205","own-forever_probe_70205=3;own-forever_probe_70245=3;own-forever_probe_70291=3;own-forever_probe_70338=3"
"forever","spot","Creature","3666","","1439","37","44","","","","70205","70245","own-forever_probe_70205=1;own-forever_probe_70245=1;own-forever_probe_70291=1;own-forever_probe_70338=1"
"forever","spot","Creature","3666","","1439","37","44.1","","","","70245","70245","own-forever_probe_70291=1;own-forever_probe_70338=1"
"forever","spot","Creature","3693","","1439","39.3","43.5","","","","70205","70205","own-forever_probe_70205=2;own-forever_probe_70245=2;own-forever_probe_70291=2;own-forever_probe_70338=2"
"forever","spot","Creature","3701","","1439","38.8","43.4","","","","70205","70205","own-forever_probe_70205=2;own-forever_probe_70245=2;own-forever_probe_70291=2;own-forever_probe_70338=2"
"forever","spot","Creature","3702","","1439","37.7","40.7","","","","70205","70205","own-forever_probe_70205=2;own-forever_probe_70245=2;own-forever_probe_70291=2;own-forever_probe_70338=2"
"forever","spot","Creature","10118","","1438","56.3","92.4","","","","70235","70235","own-forever_probe_70245=2;own-forever_probe_70291=2;own-forever_probe_70338=2"
"forever","spot","Creature","10216","","1439","36.1","45","","","","70291","70291","own-forever_probe_70291=2;own-forever_probe_70338=2"
"forever","spot","Creature","10219","","1439","36.6","45.5","","","","70291","70291","own-forever_probe_70291=2;own-forever_probe_70338=2"
"forever","spot","Creature","10219","","1439","36.6","45.6","","","","70291","70291","own-forever_probe_70291=3;own-forever_probe_70338=3"
"forever","spot","Creature","251361","","2521","42.1","23.5","","","","70205","70205","own-forever_probe_70205=9;own-forever_probe_70245=9;own-forever_probe_70291=9;own-forever_probe_70338=9"
"forever","spot","Creature","251362","","2521","42.8","23.4","","","","70205","70205","own-forever_probe_70205=20;own-forever_probe_70245=20;own-forever_probe_70291=20;own-forever_probe_70338=20"
"forever","spot","Creature","251363","","2521","43.4","24","","","","70205","70205","own-forever_probe_70205=1;own-forever_probe_70245=1;own-forever_probe_70291=1;own-forever_probe_70338=1"
"forever","spot","Creature","251368","","2521","43.4","24.8","","","","70205","70205","own-forever_probe_70205=3;own-forever_probe_70245=3;own-forever_probe_70291=3;own-forever_probe_70338=3"
"forever","spot","Creature","251371","","2521","43.3","24.9","","","","70205","70205","own-forever_probe_70205=2;own-forever_probe_70245=2;own-forever_probe_70291=2;own-forever_probe_70338=2"
"forever","spot","Creature","251389","","2521","43.8","24.4","","","","70205","70205","own-forever_probe_70205=2;own-forever_probe_70245=2;own-forever_probe_70291=2;own-forever_probe_70338=2"
"forever","spot","Creature","257554","","2521","43.8","24","","","","70205","70205","own-forever_probe_70205=4;own-forever_probe_70245=4;own-forever_probe_70291=4;own-forever_probe_70338=4"
"forever","spot","Creature","263113","","2521","43.6","24","","","","70205","70205","own-forever_probe_70205=2;own-forever_probe_70245=2;own-forever_probe_70291=2;own-forever_probe_70338=2"
"forever","spot","GameObject","17182","","1439","36.7","46.3","","","","70291","70291","own-forever_probe_70291=2;own-forever_probe_70338=2"
"forever","spot","GameObject","175320","","1439","37.3","44.2","","","","70205","70205","own-forever_probe_70205=1;own-forever_probe_70245=1;own-forever_probe_70291=1;own-forever_probe_70338=1"
"forever","offer","Creature","2930","","","","","4811","","","70205","70205","own-forever_probe_70205=1;own-forever_probe_70245=1;own-forever_probe_70291=1;own-forever_probe_70338=1"
"forever","offer","Creature","3583","","","","","947","","","70205","70205","own-forever_probe_70205=1;own-forever_probe_70245=1;own-forever_probe_70291=1;own-forever_probe_70338=1"
"forever","offer","Creature","3644","","","","","963","","","70205","70205","own-forever_probe_70205=1;own-forever_probe_70245=1;own-forever_probe_70291=1;own-forever_probe_70338=1"
"forever","offer","Creature","3649","","","","","954","","","70205","70205","own-forever_probe_70205=1;own-forever_probe_70245=1;own-forever_probe_70291=1;own-forever_probe_70338=1"
"forever","offer","Creature","3649","","","","","958","","","70205","70205","own-forever_probe_70205=1;own-forever_probe_70245=1;own-forever_probe_70291=1;own-forever_probe_70338=1"
"forever","offer","Creature","3666","","","","","983","","","70205","70245","own-forever_probe_70205=1;own-forever_probe_70245=1;own-forever_probe_70291=1;own-forever_probe_70338=1"
"forever","offer","Creature","3666","","","","","1579","","","70245","70245","own-forever_probe_70291=1;own-forever_probe_70338=1"
"forever","offer","Creature","3693","","","","","984","","","70205","70205","own-forever_probe_70205=1;own-forever_probe_70245=1;own-forever_probe_70291=1;own-forever_probe_70338=1"
"forever","offer","Creature","3701","","","","","2118","","","70205","70205","own-forever_probe_70205=1;own-forever_probe_70245=1;own-forever_probe_70291=1;own-forever_probe_70338=1"
"forever","offer","Creature","3702","","","","","2178","","","70205","70205","own-forever_probe_70205=1;own-forever_probe_70245=1;own-forever_probe_70291=1;own-forever_probe_70338=1"
"forever","offer","Creature","10219","","","","","4681","","","70291","70291","own-forever_probe_70291=1;own-forever_probe_70338=1"
"forever","offer","Creature","251361","","","","","92461","","","70205","70205","own-forever_probe_70205=1;own-forever_probe_70245=1;own-forever_probe_70291=1;own-forever_probe_70338=1"
"forever","offer","Creature","251361","","","","","92464","","","70205","70205","own-forever_probe_70205=1;own-forever_probe_70245=1;own-forever_probe_70291=1;own-forever_probe_70338=1"
"forever","offer","Creature","251361","","","","","92483","","","70205","70205","own-forever_probe_70205=1;own-forever_probe_70245=1;own-forever_probe_70291=1;own-forever_probe_70338=1"
"forever","offer","Creature","251362","","","","","92460","","","70205","70205","own-forever_probe_70205=1;own-forever_probe_70245=1;own-forever_probe_70291=1;own-forever_probe_70338=1"
"forever","offer","Creature","251363","","","","","93552","","","70205","70205","own-forever_probe_70205=1;own-forever_probe_70245=1;own-forever_probe_70291=1;own-forever_probe_70338=1"
"forever","offer","Creature","251368","","","","","92462","","","70205","70205","own-forever_probe_70205=1;own-forever_probe_70245=1;own-forever_probe_70291=1;own-forever_probe_70338=1"
"forever","offer","Creature","251368","","","","","92463","","","70205","70205","own-forever_probe_70205=1;own-forever_probe_70245=1;own-forever_probe_70291=1;own-forever_probe_70338=1"
"forever","offer","Creature","251371","","","","","92597","","","70205","70205","own-forever_probe_70205=1;own-forever_probe_70245=1;own-forever_probe_70291=1;own-forever_probe_70338=1"
"forever","offer","Creature","257554","","","","","94414","","","70205","70205","own-forever_probe_70205=1;own-forever_probe_70245=1;own-forever_probe_70291=1;own-forever_probe_70338=1"
"forever","offer","Creature","263113","","","","","92474","","","70205","70205","own-forever_probe_70205=1;own-forever_probe_70245=1;own-forever_probe_70291=1;own-forever_probe_70338=1"
"forever","offer","GameObject","17182","","","","","1001","","","70291","70291","own-forever_probe_70291=1;own-forever_probe_70338=1"
"forever","offer","GameObject","175320","","","","","98025","","","70205","70205","own-forever_probe_70205=1;own-forever_probe_70245=1;own-forever_probe_70291=1;own-forever_probe_70338=1"
"forever","turnin","Creature","10118","","","","","6343","","","70235","70235","own-forever_probe_70245=1;own-forever_probe_70291=1;own-forever_probe_70338=1"
"forever","turnin","Creature","10216","","","","","1141","","","70291","70291","own-forever_probe_70291=1;own-forever_probe_70338=1"
"forever","turnin","Creature","10219","","","","","3524","","","70291","70291","own-forever_probe_70291=1;own-forever_probe_70338=1"
"forever","turnin","Creature","10219","","","","","4681","","","70291","70291","own-forever_probe_70291=1;own-forever_probe_70338=1"
"forever","turnin","Creature","251361","","","","","92460","","","70205","70205","own-forever_probe_70205=1;own-forever_probe_70245=1;own-forever_probe_70291=1;own-forever_probe_70338=1"
"forever","turnin","Creature","251361","","","","","92461","","","70205","70205","own-forever_probe_70205=1;own-forever_probe_70245=1;own-forever_probe_70291=1;own-forever_probe_70338=1"
"forever","turnin","Creature","251368","","","","","92462","","","70205","70205","own-forever_probe_70205=1;own-forever_probe_70245=1;own-forever_probe_70291=1;own-forever_probe_70338=1"
"forever","turnin","Creature","251389","","","","","92483","","","70205","70205","own-forever_probe_70205=1;own-forever_probe_70245=1;own-forever_probe_70291=1;own-forever_probe_70338=1"
"forever","turnin","Creature","257554","","","","","94414","","","70205","70205","own-forever_probe_70205=1;own-forever_probe_70245=1;own-forever_probe_70291=1;own-forever_probe_70338=1"
"forever","turnin","GameObject","17182","","","","","983","","","70291","70291","own-forever_probe_70291=1;own-forever_probe_70338=1"
